id,product_id,sku,quantity_available,reserved_quantity,reorder_threshold,warehouse_location,shelf_location,last_updated,status
1,1,SKU12345,100,0,20,WH1,SHELF1,'2025-05-13 10:00:00',IN_STOCK
2,2,SKU48387,50,0,10,WH2,SHELF2,'2025-05-13 10:00:00',LOW_STOCK
3,3,SKU71316,0,0,5,WH1,SHELF3,'2025-05-13 10:00:00',OUT_OF_STOCK
4,4,SKU57140,200,0,50,WH3,SHELF4,'2025-05-13 10:00:00',IN_STOCK
5,5,SKU48117,30,0,15,WH2,SHELF5,'2025-05-13 10:00:00',LOW_STOCK
6,6,SKU74646,500,0,20,WH1,SHELF6,'2025-05-13 10:00:00',OUT_OF_STOCK
7,7,SKU41992,500,0,20,WH3,SHELF7,'2025-05-13 10:00:00',IN_STOCK
8,8,SKU65485,500,0,20,WH2,SHELF8,'2025-05-13 10:00:00',LOW_STOCK
9,9,SKU75140,500,0,20,WH1,SHELF9,'2025-05-13 10:00:00',OUT_OF_STOCK
10,10,SKU14608,500,0,20,WH3,SHELF10,'2025-05-13 10:00:00',IN_STOCK
11,11,SKU81754,500,0,20,WH2,SHELF11,'2025-05-13 10:00:00',LOW_STOCK
12,12,SKU91275,500,0,20,WH1,SHELF12,'2025-05-13 10:00:00',OUT_OF_STOCK
13,13,SKU48306,500,0,20,WH3,SHELF13,'2025-05-13 10:00:00',IN_STOCK
14,14,SKU23204,500,0,20,WH2,SHELF14,'2025-05-13 10:00:00',LOW_STOCK
15,15,SKU51133,500,0,20,WH1,SHELF15,'2025-05-13 10:00:00',OUT_OF_STOCK
16,16,SKU49681,500,0,20,WH3,SHELF16,'2025-05-13 10:00:00',IN_STOCK
17,17,SKU36639,500,0,20,WH2,SHELF17,'2025-05-13 10:00:00',LOW_STOCK
18,18,SKU99276,500,0,20,WH1,SHELF18,'2025-05-13 10:00:00',OUT_OF_STOCK
19,19,SKU72120,500,0,20,WH3,SHELF19,'2025-05-13 10:00:00',IN_STOCK
20,20,SKU45225,500,0,20,WH2,SHELF20,'2025-05-13 10:00:00',LOW_STOCK
21,21,SKU64672,500,0,20,WH1,SHELF21,'2025-05-13 10:00:00',OUT_OF_STOCK
22,22,SKU95454,500,0,20,WH3,SHELF22,'2025-05-13 10:00:00',IN_STOCK
23,23,SKU53426,500,0,20,WH2,SHELF23,'2025-05-13 10:00:00',LOW_STOCK
24,24,SKU78707,500,0,20,WH1,SHELF24,'2025-05-13 10:00:00',OUT_OF_STOCK
25,25,SKU63128,500,0,20,WH3,SHELF25,'2025-05-13 10:00:00',IN_STOCK
26,26,SKU98469,500,0,20,WH2,SHELF26,'2025-05-13 10:00:00',LOW_STOCK
27,27,SKU49214,500,0,20,WH1,SHELF27,'2025-05-13 10:00:00',OUT_OF_STOCK
28,28,SKU52143,500,0,20,WH3,SHELF28,'2025-05-13 10:00:00',IN_STOCK
29,29,SKU48956,500,0,20,WH2,SHELF29,'2025-05-13 10:00:00',LOW_STOCK
30,30,SKU15283,500,0,20,WH1,SHELF30,'2025-05-13 10:00:00',OUT_OF_STOCK
31,31,SKU24321,500,0,20,WH3,SHELF31,'2025-05-13 10:00:00',IN_STOCK
32,32,SKU81165,500,0,20,WH2,SHELF32,'2025-05-13 10:00:00',LOW_STOCK
33,33,SKU11557,500,0,20,WH1,SHELF33,'2025-05-13 10:00:00',OUT_OF_STOCK
34,34,SKU43021,500,0,20,WH3,SHELF34,'2025-05-13 10:00:00',IN_STOCK
35,35,SKU63722,500,0,20,WH2,SHELF35,'2025-05-13 10:00:00',LOW_STOCK
36,36,SKU29702,500,0,20,WH1,SHELF36,'2025-05-13 10:00:00',OUT_OF_STOCK
37,37,SKU16758,500,0,20,WH3,SHELF37,'2025-05-13 10:00:00',IN_STOCK
38,38,SKU36769,500,0,20,WH2,SHELF38,'2025-05-13 10:00:00',LOW_STOCK
39,39,SKU73911,500,0,20,WH1,SHELF39,'2025-05-13 10:00:00',OUT_OF_STOCK
40,40,SKU54338,500,0,20,WH3,SHELF40,'2025-05-13 10:00:00',IN_STOCK
41,41,SKU69410,500,0,20,WH2,SHELF41,'2025-05-13 10:00:00',LOW_STOCK
42,42,SKU97308,500,0,20,WH1,SHELF42,'2025-05-13 10:00:00',OUT_OF_STOCK
43,43,SKU26366,500,0,20,WH3,SHELF43,'2025-05-13 10:00:00',IN_STOCK
44,44,SKU10194,500,0,20,WH2,SHELF44,'2025-05-13 10:00:00',LOW_STOCK
45,45,SKU32536,500,0,20,WH1,SHELF45,'2025-05-13 10:00:00',OUT_OF_STOCK
46,46,SKU44319,500,0,20,WH3,SHELF46,'2025-05-13 10:00:00',IN_STOCK
47,47,SKU67170,500,0,20,WH2,SHELF47,'2025-05-13 10:00:00',LOW_STOCK
48,48,SKU17923,500,0,20,WH1,SHELF48,'2025-05-13 10:00:00',OUT_OF_STOCK
49,49,SKU58535,500,0,20,WH3,SHELF49,'2025-05-13 10:00:00',IN_STOCK
50,50,SKU19148,500,0,20,WH2,SHELF50,'2025-05-13 10:00:00',LOW_STOCK
51,51,SKU35017,500,0,20,WH1,SHELF51,'2025-05-13 10:00:00',OUT_OF_STOCK
52,52,SKU37403,500,0,20,WH3,SHELF52,'2025-05-13 10:00:00',IN_STOCK
53,53,SKU52551,500,0,20,WH2,SHELF53,'2025-05-13 10:00:00',LOW_STOCK
54,54,SKU73845,500,0,20,WH1,SHELF54,'2025-05-13 10:00:00',OUT_OF_STOCK
55,55,SKU70116,500,0,20,WH3,SHELF55,'2025-05-13 10:00:00',IN_STOCK
56,56,SKU50713,500,0,20,WH2,SHELF56,'2025-05-13 10:00:00',LOW_STOCK
57,57,SKU76141,500,0,20,WH1,SHELF57,'2025-05-13 10:00:00',OUT_OF_STOCK
58,58,SKU18463,500,0,20,WH3,SHELF58,'2025-05-13 10:00:00',IN_STOCK
59,59,SKU80567,500,0,20,WH2,SHELF59,'2025-05-13 10:00:00',LOW_STOCK
60,60,SKU13762,500,0,20,WH1,SHELF60,'2025-05-13 10:00:00',OUT_OF_STOCK
61,61,SKU93369,500,0,20,WH3,SHELF61,'2025-05-13 10:00:00',IN_STOCK
62,62,SKU34854,500,0,20,WH2,SHELF62,'2025-05-13 10:00:00',LOW_STOCK
63,63,SKU14782,500,0,20,WH1,SHELF63,'2025-05-13 10:00:00',OUT_OF_STOCK
64,64,SKU87768,500,0,20,WH3,SHELF64,'2025-05-13 10:00:00',IN_STOCK
65,65,SKU50213,500,0,20,WH2,SHELF65,'2025-05-13 10:00:00',LOW_STOCK
66,66,SKU18175,500,0,20,WH1,SHELF66,'2025-05-13 10:00:00',OUT_OF_STOCK
67,67,SKU21345,500,0,20,WH3,SHELF67,'2025-05-13 10:00:00',IN_STOCK
68,68,SKU84619,500,0,20,WH2,SHELF68,'2025-05-13 10:00:00',LOW_STOCK
69,69,SKU36435,500,0,20,WH1,SHELF69,'2025-05-13 10:00:00',OUT_OF_STOCK
70,70,SKU91081,500,0,20,WH3,SHELF70,'2025-05-13 10:00:00',IN_STOCK
71,71,SKU56337,500,0,20,WH2,SHELF71,'2025-05-13 10:00:00',LOW_STOCK
72,72,SKU25356,500,0,20,WH1,SHELF72,'2025-05-13 10:00:00',OUT_OF_STOCK
73,73,SKU56734,500,0,20,WH3,SHELF73,'2025-05-13 10:00:00',IN_STOCK
74,74,SKU96138,500,0,20,WH2,SHELF74,'2025-05-13 10:00:00',LOW_STOCK
75,75,SKU23711,500,0,20,WH1,SHELF75,'2025-05-13 10:00:00',OUT_OF_STOCK
76,76,SKU65620,500,0,20,WH3,SHELF76,'2025-05-13 10:00:00',IN_STOCK
77,77,SKU23104,500,0,20,WH2,SHELF77,'2025-05-13 10:00:00',LOW_STOCK
78,78,SKU93284,500,0,20,WH1,SHELF78,'2025-05-13 10:00:00',OUT_OF_STOCK
79,79,SKU16083,500,0,20,WH3,SHELF79,'2025-05-13 10:00:00',IN_STOCK
80,80,SKU19058,500,0,20,WH2,SHELF80,'2025-05-13 10:00:00',LOW_STOCK
81,81,SKU72767,500,0,20,WH1,SHELF81,'2025-05-13 10:00:00',OUT_OF_STOCK
82,82,SKU83258,500,0,20,WH3,SHELF82,'2025-05-13 10:00:00',IN_STOCK
83,83,SKU84863,500,0,20,WH2,SHELF83,'2025-05-13 10:00:00',LOW_STOCK
84,84,SKU75914,500,0,20,WH1,SHELF84,'2025-05-13 10:00:00',OUT_OF_STOCK
85,85,SKU65262,500,0,20,WH3,SHELF85,'2025-05-13 10:00:00',IN_STOCK
86,86,SKU74838,500,0,20,WH2,SHELF86,'2025-05-13 10:00:00',LOW_STOCK
87,87,SKU64456,500,0,20,WH1,SHELF87,'2025-05-13 10:00:00',OUT_OF_STOCK
88,88,SKU83088,500,0,20,WH3,SHELF88,'2025-05-13 10:00:00',IN_STOCK
89,89,SKU26441,500,0,20,WH2,SHELF89,'2025-05-13 10:00:00',LOW_STOCK
90,90,SKU87443,500,0,20,WH1,SHELF90,'2025-05-13 10:00:00',OUT_OF_STOCK
91,91,SKU88866,500,0,20,WH3,SHELF91,'2025-05-13 10:00:00',IN_STOCK
92,92,SKU17103,500,0,20,WH2,SHELF92,'2025-05-13 10:00:00',LOW_STOCK
93,93,SKU21117,500,0,20,WH1,SHELF93,'2025-05-13 10:00:00',OUT_OF_STOCK
94,94,SKU60272,500,0,20,WH3,SHELF94,'2025-05-13 10:00:00',IN_STOCK
95,95,SKU77151,500,0,20,WH2,SHELF95,'2025-05-13 10:00:00',LOW_STOCK
96,96,SKU99626,500,0,20,WH1,SHELF96,'2025-05-13 10:00:00',OUT_OF_STOCK
97,97,SKU83512,500,0,20,WH3,SHELF97,'2025-05-13 10:00:00',IN_STOCK
98,98,SKU16819,500,0,20,WH2,SHELF98,'2025-05-13 10:00:00',LOW_STOCK
99,99,SKU83787,500,0,20,WH1,SHELF99,'2025-05-13 10:00:00',OUT_OF_STOCK
100,100,SKU21082,500,0,20,WH3,SHELF100,'2025-05-13 10:00:00',IN_STOCK
101,101,SKU49506,500,0,20,WH2,SHELF101,'2025-05-13 10:00:00',LOW_STOCK
102,102,SKU16414,500,0,20,WH1,SHELF102,'2025-05-13 10:00:00',OUT_OF_STOCK
103,103,SKU64299,500,0,20,WH3,SHELF103,'2025-05-13 10:00:00',IN_STOCK
104,104,SKU31187,500,0,20,WH2,SHELF104,'2025-05-13 10:00:00',LOW_STOCK
105,105,SKU19777,500,0,20,WH1,SHELF105,'2025-05-13 10:00:00',OUT_OF_STOCK
106,106,SKU17124,500,0,20,WH3,SHELF106,'2025-05-13 10:00:00',IN_STOCK
107,107,SKU48465,500,0,20,WH2,SHELF107,'2025-05-13 10:00:00',LOW_STOCK
108,108,SKU66129,500,0,20,WH1,SHELF108,'2025-05-13 10:00:00',OUT_OF_STOCK
109,109,SKU73199,500,0,20,WH3,SHELF109,'2025-05-13 10:00:00',IN_STOCK
110,110,SKU22445,500,0,20,WH2,SHELF110,'2025-05-13 10:00:00',LOW_STOCK
111,111,SKU47945,500,0,20,WH1,SHELF111,'2025-05-13 10:00:00',OUT_OF_STOCK
112,112,SKU30235,500,0,20,WH3,SHELF112,'2025-05-13 10:00:00',IN_STOCK
113,113,SKU55361,500,0,20,WH2,SHELF113,'2025-05-13 10:00:00',LOW_STOCK
114,114,SKU18744,500,0,20,WH1,SHELF114,'2025-05-13 10:00:00',OUT_OF_STOCK
115,115,SKU77996,500,0,20,WH3,SHELF115,'2025-05-13 10:00:00',IN_STOCK
116,116,SKU87263,500,0,20,WH2,SHELF116,'2025-05-13 10:00:00',LOW_STOCK
117,117,SKU61672,500,0,20,WH1,SHELF117,'2025-05-13 10:00:00',OUT_OF_STOCK
118,118,SKU11526,500,0,20,WH3,SHELF118,'2025-05-13 10:00:00',IN_STOCK
119,119,SKU37957,500,0,20,WH2,SHELF119,'2025-05-13 10:00:00',LOW_STOCK
120,120,SKU57629,500,0,20,WH1,SHELF120,'2025-05-13 10:00:00',OUT_OF_STOCK
121,121,SKU37844,500,0,20,WH3,SHELF121,'2025-05-13 10:00:00',IN_STOCK
122,122,SKU48943,500,0,20,WH2,SHELF122,'2025-05-13 10:00:00',LOW_STOCK
123,123,SKU84342,500,0,20,WH1,SHELF123,'2025-05-13 10:00:00',OUT_OF_STOCK
124,124,SKU43186,500,0,20,WH3,SHELF124,'2025-05-13 10:00:00',IN_STOCK
125,125,SKU89895,500,0,20,WH2,SHELF125,'2025-05-13 10:00:00',LOW_STOCK
126,126,SKU70054,500,0,20,WH1,SHELF126,'2025-05-13 10:00:00',OUT_OF_STOCK
127,127,SKU66817,500,0,20,WH3,SHELF127,'2025-05-13 10:00:00',IN_STOCK
128,128,SKU46535,500,0,20,WH2,SHELF128,'2025-05-13 10:00:00',LOW_STOCK
129,129,SKU64199,500,0,20,WH1,SHELF129,'2025-05-13 10:00:00',OUT_OF_STOCK
130,130,SKU48718,500,0,20,WH3,SHELF130,'2025-05-13 10:00:00',IN_STOCK
131,131,SKU42682,500,0,20,WH2,SHELF131,'2025-05-13 10:00:00',LOW_STOCK
132,132,SKU81148,500,0,20,WH1,SHELF132,'2025-05-13 10:00:00',OUT_OF_STOCK
133,133,SKU14300,500,0,20,WH3,SHELF133,'2025-05-13 10:00:00',IN_STOCK
134,134,SKU36493,500,0,20,WH2,SHELF134,'2025-05-13 10:00:00',LOW_STOCK
135,135,SKU88002,500,0,20,WH1,SHELF135,'2025-05-13 10:00:00',OUT_OF_STOCK
136,136,SKU67866,500,0,20,WH3,SHELF136,'2025-05-13 10:00:00',IN_STOCK
137,137,SKU91025,500,0,20,WH2,SHELF137,'2025-05-13 10:00:00',LOW_STOCK
138,138,SKU85877,500,0,20,WH1,SHELF138,'2025-05-13 10:00:00',OUT_OF_STOCK
139,139,SKU48909,500,0,20,WH3,SHELF139,'2025-05-13 10:00:00',IN_STOCK
140,140,SKU88780,500,0,20,WH2,SHELF140,'2025-05-13 10:00:00',LOW_STOCK
141,141,SKU26918,500,0,20,WH1,SHELF141,'2025-05-13 10:00:00',OUT_OF_STOCK
142,142,SKU27876,500,0,20,WH3,SHELF142,'2025-05-13 10:00:00',IN_STOCK
143,143,SKU35502,500,0,20,WH2,SHELF143,'2025-05-13 10:00:00',LOW_STOCK
144,144,SKU66731,500,0,20,WH1,SHELF144,'2025-05-13 10:00:00',OUT_OF_STOCK
145,145,SKU10792,500,0,20,WH3,SHELF145,'2025-05-13 10:00:00',IN_STOCK
146,146,SKU32430,500,0,20,WH2,SHELF146,'2025-05-13 10:00:00',LOW_STOCK
147,147,SKU40200,500,0,20,WH1,SHELF147,'2025-05-13 10:00:00',OUT_OF_STOCK
148,148,SKU28562,500,0,20,WH3,SHELF148,'2025-05-13 10:00:00',IN_STOCK
149,149,SKU60351,500,0,20,WH2,SHELF149,'2025-05-13 10:00:00',LOW_STOCK
150,150,SKU79014,500,0,20,WH1,SHELF150,'2025-05-13 10:00:00',OUT_OF_STOCK
151,151,SKU70066,500,0,20,WH3,SHELF151,'2025-05-13 10:00:00',IN_STOCK
152,152,SKU81772,500,0,20,WH2,SHELF152,'2025-05-13 10:00:00',LOW_STOCK
153,153,SKU42228,500,0,20,WH1,SHELF153,'2025-05-13 10:00:00',OUT_OF_STOCK
154,154,SKU31434,500,0,20,WH3,SHELF154,'2025-05-13 10:00:00',IN_STOCK
155,155,SKU87777,500,0,20,WH2,SHELF155,'2025-05-13 10:00:00',LOW_STOCK
156,156,SKU78440,500,0,20,WH1,SHELF156,'2025-05-13 10:00:00',OUT_OF_STOCK
157,157,SKU65113,500,0,20,WH3,SHELF157,'2025-05-13 10:00:00',IN_STOCK
158,158,SKU68293,500,0,20,WH2,SHELF158,'2025-05-13 10:00:00',LOW_STOCK
159,159,SKU81384,500,0,20,WH1,SHELF159,'2025-05-13 10:00:00',OUT_OF_STOCK
160,160,SKU94612,500,0,20,WH3,SHELF160,'2025-05-13 10:00:00',IN_STOCK
161,161,SKU31970,500,0,20,WH2,SHELF161,'2025-05-13 10:00:00',LOW_STOCK
162,162,SKU71453,500,0,20,WH1,SHELF162,'2025-05-13 10:00:00',OUT_OF_STOCK
163,163,SKU26757,500,0,20,WH3,SHELF163,'2025-05-13 10:00:00',IN_STOCK
164,164,SKU15308,500,0,20,WH2,SHELF164,'2025-05-13 10:00:00',LOW_STOCK
165,165,SKU53765,500,0,20,WH1,SHELF165,'2025-05-13 10:00:00',OUT_OF_STOCK
166,166,SKU65097,500,0,20,WH3,SHELF166,'2025-05-13 10:00:00',IN_STOCK
167,167,SKU87066,500,0,20,WH2,SHELF167,'2025-05-13 10:00:00',LOW_STOCK
168,168,SKU21818,500,0,20,WH1,SHELF168,'2025-05-13 10:00:00',OUT_OF_STOCK
169,169,SKU14480,500,0,20,WH3,SHELF169,'2025-05-13 10:00:00',IN_STOCK
170,170,SKU17357,500,0,20,WH2,SHELF170,'2025-05-13 10:00:00',LOW_STOCK
171,171,SKU45423,500,0,20,WH1,SHELF171,'2025-05-13 10:00:00',OUT_OF_STOCK
172,172,SKU84180,500,0,20,WH3,SHELF172,'2025-05-13 10:00:00',IN_STOCK
173,173,SKU98859,500,0,20,WH2,SHELF173,'2025-05-13 10:00:00',LOW_STOCK
174,174,SKU22480,500,0,20,WH1,SHELF174,'2025-05-13 10:00:00',OUT_OF_STOCK
175,175,SKU62833,500,0,20,WH3,SHELF175,'2025-05-13 10:00:00',IN_STOCK
176,176,SKU30713,500,0,20,WH2,SHELF176,'2025-05-13 10:00:00',LOW_STOCK
177,177,SKU79540,500,0,20,WH1,SHELF177,'2025-05-13 10:00:00',OUT_OF_STOCK
178,178,SKU41606,500,0,20,WH3,SHELF178,'2025-05-13 10:00:00',IN_STOCK
179,179,SKU73143,500,0,20,WH2,SHELF179,'2025-05-13 10:00:00',LOW_STOCK
180,180,SKU54161,500,0,20,WH1,SHELF180,'2025-05-13 10:00:00',OUT_OF_STOCK
181,181,SKU94115,500,0,20,WH3,SHELF181,'2025-05-13 10:00:00',IN_STOCK
182,182,SKU52044,500,0,20,WH2,SHELF182,'2025-05-13 10:00:00',LOW_STOCK
183,183,SKU59139,500,0,20,WH1,SHELF183,'2025-05-13 10:00:00',OUT_OF_STOCK
184,184,SKU66838,500,0,20,WH3,SHELF184,'2025-05-13 10:00:00',IN_STOCK
185,185,SKU80253,500,0,20,WH2,SHELF185,'2025-05-13 10:00:00',LOW_STOCK
186,186,SKU62797,500,0,20,WH1,SHELF186,'2025-05-13 10:00:00',OUT_OF_STOCK
187,187,SKU54272,500,0,20,WH3,SHELF187,'2025-05-13 10:00:00',IN_STOCK
188,188,SKU18275,500,0,20,WH2,SHELF188,'2025-05-13 10:00:00',LOW_STOCK
189,189,SKU88554,500,0,20,WH1,SHELF189,'2025-05-13 10:00:00',OUT_OF_STOCK
190,190,SKU99434,500,0,20,WH3,SHELF190,'2025-05-13 10:00:00',IN_STOCK
191,191,SKU86771,500,0,20,WH2,SHELF191,'2025-05-13 10:00:00',LOW_STOCK
192,192,SKU87100,500,0,20,WH1,SHELF192,'2025-05-13 10:00:00',OUT_OF_STOCK
193,193,SKU82386,500,0,20,WH3,SHELF193,'2025-05-13 10:00:00',IN_STOCK
194,194,SKU68192,500,0,20,WH2,SHELF194,'2025-05-13 10:00:00',LOW_STOCK
195,195,SKU57405,500,0,20,WH1,SHELF195,'2025-05-13 10:00:00',OUT_OF_STOCK
196,196,SKU88287,500,0,20,WH3,SHELF196,'2025-05-13 10:00:00',IN_STOCK
197,197,SKU23709,500,0,20,WH2,SHELF197,'2025-05-13 10:00:00',LOW_STOCK
198,198,SKU45931,500,0,20,WH1,SHELF198,'2025-05-13 10:00:00',OUT_OF_STOCK
199,199,SKU57623,500,0,20,WH3,SHELF199,'2025-05-13 10:00:00',IN_STOCK
200,200,SKU89727,500,0,20,WH2,SHELF200,'2025-05-13 10:00:00',LOW_STOCK
201,201,SKU56510,500,0,20,WH1,SHELF201,'2025-05-13 10:00:00',OUT_OF_STOCK
202,202,SKU72940,500,0,20,WH3,SHELF202,'2025-05-13 10:00:00',IN_STOCK
203,203,SKU31699,500,0,20,WH2,SHELF203,'2025-05-13 10:00:00',LOW_STOCK
204,204,SKU21240,500,0,20,WH1,SHELF204,'2025-05-13 10:00:00',OUT_OF_STOCK
205,205,SKU55905,500,0,20,WH3,SHELF205,'2025-05-13 10:00:00',IN_STOCK
206,206,SKU61647,500,0,20,WH2,SHELF206,'2025-05-13 10:00:00',LOW_STOCK
207,207,SKU99113,500,0,20,WH1,SHELF207,'2025-05-13 10:00:00',OUT_OF_STOCK
208,208,SKU46278,500,0,20,WH3,SHELF208,'2025-05-13 10:00:00',IN_STOCK
209,209,SKU98309,500,0,20,WH2,SHELF209,'2025-05-13 10:00:00',LOW_STOCK
210,210,SKU28175,500,0,20,WH1,SHELF210,'2025-05-13 10:00:00',OUT_OF_STOCK
211,211,SKU49089,500,0,20,WH3,SHELF211,'2025-05-13 10:00:00',IN_STOCK
212,212,SKU99096,500,0,20,WH2,SHELF212,'2025-05-13 10:00:00',LOW_STOCK
213,213,SKU23987,500,0,20,WH1,SHELF213,'2025-05-13 10:00:00',OUT_OF_STOCK
214,214,SKU10877,500,0,20,WH3,SHELF214,'2025-05-13 10:00:00',IN_STOCK
215,215,SKU16636,500,0,20,WH2,SHELF215,'2025-05-13 10:00:00',LOW_STOCK
216,216,SKU33413,500,0,20,WH1,SHELF216,'2025-05-13 10:00:00',OUT_OF_STOCK
217,217,SKU25281,500,0,20,WH3,SHELF217,'2025-05-13 10:00:00',IN_STOCK
218,218,SKU21893,500,0,20,WH2,SHELF218,'2025-05-13 10:00:00',LOW_STOCK
219,219,SKU16566,500,0,20,WH1,SHELF219,'2025-05-13 10:00:00',OUT_OF_STOCK
220,220,SKU19487,500,0,20,WH3,SHELF220,'2025-05-13 10:00:00',IN_STOCK
221,221,SKU35926,500,0,20,WH2,SHELF221,'2025-05-13 10:00:00',LOW_STOCK
222,222,SKU16104,500,0,20,WH1,SHELF222,'2025-05-13 10:00:00',OUT_OF_STOCK
223,223,SKU64796,500,0,20,WH3,SHELF223,'2025-05-13 10:00:00',IN_STOCK
224,224,SKU94882,500,0,20,WH2,SHELF224,'2025-05-13 10:00:00',LOW_STOCK
225,225,SKU14960,500,0,20,WH1,SHELF225,'2025-05-13 10:00:00',OUT_OF_STOCK
226,226,SKU51257,500,0,20,WH3,SHELF226,'2025-05-13 10:00:00',IN_STOCK
227,227,SKU32674,500,0,20,WH2,SHELF227,'2025-05-13 10:00:00',LOW_STOCK
228,228,SKU31755,500,0,20,WH1,SHELF228,'2025-05-13 10:00:00',OUT_OF_STOCK
229,229,SKU17894,500,0,20,WH3,SHELF229,'2025-05-13 10:00:00',IN_STOCK
230,230,SKU68872,500,0,20,WH2,SHELF230,'2025-05-13 10:00:00',LOW_STOCK
231,231,SKU90465,500,0,20,WH1,SHELF231,'2025-05-13 10:00:00',OUT_OF_STOCK
232,232,SKU28361,500,0,20,WH3,SHELF232,'2025-05-13 10:00:00',IN_STOCK
233,233,SKU44678,500,0,20,WH2,SHELF233,'2025-05-13 10:00:00',LOW_STOCK
234,234,SKU51039,500,0,20,WH1,SHELF234,'2025-05-13 10:00:00',OUT_OF_STOCK
235,235,SKU19609,500,0,20,WH3,SHELF235,'2025-05-13 10:00:00',IN_STOCK
236,236,SKU75123,500,0,20,WH2,SHELF236,'2025-05-13 10:00:00',LOW_STOCK
237,237,SKU84713,500,0,20,WH1,SHELF237,'2025-05-13 10:00:00',OUT_OF_STOCK
238,238,SKU20856,500,0,20,WH3,SHELF238,'2025-05-13 10:00:00',IN_STOCK
239,239,SKU79503,500,0,20,WH2,SHELF239,'2025-05-13 10:00:00',LOW_STOCK
240,240,SKU15830,500,0,20,WH1,SHELF240,'2025-05-13 10:00:00',OUT_OF_STOCK
241,241,SKU56541,500,0,20,WH3,SHELF241,'2025-05-13 10:00:00',IN_STOCK
242,242,SKU61407,500,0,20,WH2,SHELF242,'2025-05-13 10:00:00',LOW_STOCK
243,243,SKU24069,500,0,20,WH1,SHELF243,'2025-05-13 10:00:00',OUT_OF_STOCK
244,244,SKU39662,500,0,20,WH3,SHELF244,'2025-05-13 10:00:00',IN_STOCK
245,245,SKU15170,500,0,20,WH2,SHELF245,'2025-05-13 10:00:00',LOW_STOCK
246,246,SKU64975,500,0,20,WH1,SHELF246,'2025-05-13 10:00:00',OUT_OF_STOCK
247,247,SKU75801,500,0,20,WH3,SHELF247,'2025-05-13 10:00:00',IN_STOCK
248,248,SKU19999,500,0,20,WH2,SHELF248,'2025-05-13 10:00:00',LOW_STOCK
249,249,SKU76322,500,0,20,WH1,SHELF249,'2025-05-13 10:00:00',OUT_OF_STOCK
250,250,SKU45220,500,0,20,WH3,SHELF250,'2025-05-13 10:00:00',IN_STOCK
251,251,SKU86460,500,0,20,WH2,SHELF251,'2025-05-13 10:00:00',LOW_STOCK
252,252,SKU37935,500,0,20,WH1,SHELF252,'2025-05-13 10:00:00',OUT_OF_STOCK
253,253,SKU87235,500,0,20,WH3,SHELF253,'2025-05-13 10:00:00',IN_STOCK
254,254,SKU88024,500,0,20,WH2,SHELF254,'2025-05-13 10:00:00',LOW_STOCK
255,255,SKU13536,500,0,20,WH1,SHELF255,'2025-05-13 10:00:00',OUT_OF_STOCK
256,256,SKU50525,500,0,20,WH3,SHELF256,'2025-05-13 10:00:00',IN_STOCK
257,257,SKU69369,500,0,20,WH2,SHELF257,'2025-05-13 10:00:00',LOW_STOCK
258,258,SKU27950,500,0,20,WH1,SHELF258,'2025-05-13 10:00:00',OUT_OF_STOCK
259,259,SKU88861,500,0,20,WH3,SHELF259,'2025-05-13 10:00:00',IN_STOCK
260,260,SKU63489,500,0,20,WH2,SHELF260,'2025-05-13 10:00:00',LOW_STOCK
261,261,SKU54902,500,0,20,WH1,SHELF261,'2025-05-13 10:00:00',OUT_OF_STOCK
262,262,SKU29552,500,0,20,WH3,SHELF262,'2025-05-13 10:00:00',IN_STOCK
263,263,SKU90963,500,0,20,WH2,SHELF263,'2025-05-13 10:00:00',LOW_STOCK
264,264,SKU28962,500,0,20,WH1,SHELF264,'2025-05-13 10:00:00',OUT_OF_STOCK
265,265,SKU96880,500,0,20,WH3,SHELF265,'2025-05-13 10:00:00',IN_STOCK
266,266,SKU56649,500,0,20,WH2,SHELF266,'2025-05-13 10:00:00',LOW_STOCK
267,267,SKU83575,500,0,20,WH1,SHELF267,'2025-05-13 10:00:00',OUT_OF_STOCK
268,268,SKU34999,500,0,20,WH3,SHELF268,'2025-05-13 10:00:00',IN_STOCK
269,269,SKU83340,500,0,20,WH2,SHELF269,'2025-05-13 10:00:00',LOW_STOCK
270,270,SKU72604,500,0,20,WH1,SHELF270,'2025-05-13 10:00:00',OUT_OF_STOCK
271,271,SKU36907,500,0,20,WH3,SHELF271,'2025-05-13 10:00:00',IN_STOCK
272,272,SKU24766,500,0,20,WH2,SHELF272,'2025-05-13 10:00:00',LOW_STOCK
273,273,SKU59421,500,0,20,WH1,SHELF273,'2025-05-13 10:00:00',OUT_OF_STOCK
274,274,SKU70246,500,0,20,WH3,SHELF274,'2025-05-13 10:00:00',IN_STOCK
275,275,SKU63619,500,0,20,WH2,SHELF275,'2025-05-13 10:00:00',LOW_STOCK
276,276,SKU61626,500,0,20,WH1,SHELF276,'2025-05-13 10:00:00',OUT_OF_STOCK
277,277,SKU39810,500,0,20,WH3,SHELF277,'2025-05-13 10:00:00',IN_STOCK
278,278,"SKU85947
",500,0,20,WH2,SHELF278,'2025-05-13 10:00:00',LOW_STOCK
279,279,SKU73047,500,0,20,WH1,SHELF279,'2025-05-13 10:00:00',OUT_OF_STOCK
280,280,SKU87226,500,0,20,WH3,SHELF280,'2025-05-13 10:00:00',IN_STOCK
281,281,SKU74266,500,0,20,WH2,SHELF281,'2025-05-13 10:00:00',LOW_STOCK
282,282,SKU77433,500,0,20,WH1,SHELF282,'2025-05-13 10:00:00',OUT_OF_STOCK
283,283,SKU35504,500,0,20,WH3,SHELF283,'2025-05-13 10:00:00',IN_STOCK
284,284,SKU41055,500,0,20,WH2,SHELF284,'2025-05-13 10:00:00',LOW_STOCK
285,285,SKU22539,500,0,20,WH1,SHELF285,'2025-05-13 10:00:00',OUT_OF_STOCK
286,286,SKU54953,500,0,20,WH3,SHELF286,'2025-05-13 10:00:00',IN_STOCK
287,287,SKU39700,500,0,20,WH2,SHELF287,'2025-05-13 10:00:00',LOW_STOCK
288,288,SKU75959,500,0,20,WH1,SHELF288,'2025-05-13 10:00:00',OUT_OF_STOCK
289,289,SKU90497,500,0,20,WH3,SHELF289,'2025-05-13 10:00:00',IN_STOCK
290,290,SKU17895,500,0,20,WH2,SHELF290,'2025-05-13 10:00:00',LOW_STOCK
291,291,SKU66632,500,0,20,WH1,SHELF291,'2025-05-13 10:00:00',OUT_OF_STOCK
292,292,SKU98900,500,0,20,WH3,SHELF292,'2025-05-13 10:00:00',IN_STOCK
293,293,SKU78588,500,0,20,WH2,SHELF293,'2025-05-13 10:00:00',LOW_STOCK
294,294,SKU43779,500,0,20,WH1,SHELF294,'2025-05-13 10:00:00',OUT_OF_STOCK
295,295,SKU10419,500,0,20,WH3,SHELF295,'2025-05-13 10:00:00',IN_STOCK
296,296,SKU97212,500,0,20,WH2,SHELF296,'2025-05-13 10:00:00',LOW_STOCK
297,297,SKU62424,500,0,20,WH1,SHELF297,'2025-05-13 10:00:00',OUT_OF_STOCK
298,298,SKU36965,500,0,20,WH3,SHELF298,'2025-05-13 10:00:00',IN_STOCK
299,299,SKU41975,500,0,20,WH2,SHELF299,'2025-05-13 10:00:00',LOW_STOCK
300,300,SKU57521,500,0,20,WH1,SHELF300,'2025-05-13 10:00:00',OUT_OF_STOCK
301,301,SKU87433,500,0,20,WH3,SHELF301,'2025-05-13 10:00:00',IN_STOCK
302,302,SKU68165,500,0,20,WH2,SHELF302,'2025-05-13 10:00:00',LOW_STOCK
303,303,SKU86641,500,0,20,WH1,SHELF303,'2025-05-13 10:00:00',OUT_OF_STOCK
304,304,SKU11449,500,0,20,WH3,SHELF304,'2025-05-13 10:00:00',IN_STOCK
305,305,SKU86953,500,0,20,WH2,SHELF305,'2025-05-13 10:00:00',LOW_STOCK
306,306,SKU41381,500,0,20,WH1,SHELF306,'2025-05-13 10:00:00',OUT_OF_STOCK
307,307,SKU95305,500,0,20,WH3,SHELF307,'2025-05-13 10:00:00',IN_STOCK
308,308,SKU47900,500,0,20,WH2,SHELF308,'2025-05-13 10:00:00',LOW_STOCK
309,309,SKU23835,500,0,20,WH1,SHELF309,'2025-05-13 10:00:00',OUT_OF_STOCK
310,310,SKU68744,500,0,20,WH3,SHELF310,'2025-05-13 10:00:00',IN_STOCK
311,311,SKU73671,500,0,20,WH2,SHELF311,'2025-05-13 10:00:00',LOW_STOCK
312,312,SKU17711,500,0,20,WH1,SHELF312,'2025-05-13 10:00:00',OUT_OF_STOCK
313,313,SKU56680,500,0,20,WH3,SHELF313,'2025-05-13 10:00:00',IN_STOCK
314,314,SKU53075,500,0,20,WH2,SHELF314,'2025-05-13 10:00:00',LOW_STOCK
315,315,SKU62094,500,0,20,WH1,SHELF315,'2025-05-13 10:00:00',OUT_OF_STOCK
316,316,SKU91972,500,0,20,WH3,SHELF316,'2025-05-13 10:00:00',IN_STOCK
317,317,SKU95287,500,0,20,WH2,SHELF317,'2025-05-13 10:00:00',LOW_STOCK
318,318,SKU18884,500,0,20,WH1,SHELF318,'2025-05-13 10:00:00',OUT_OF_STOCK
319,319,SKU99375,500,0,20,WH3,SHELF319,'2025-05-13 10:00:00',IN_STOCK
320,320,SKU85724,500,0,20,WH2,SHELF320,'2025-05-13 10:00:00',LOW_STOCK
321,321,SKU22121,500,0,20,WH1,SHELF321,'2025-05-13 10:00:00',OUT_OF_STOCK
322,322,SKU33624,500,0,20,WH3,SHELF322,'2025-05-13 10:00:00',IN_STOCK
323,323,SKU35589,500,0,20,WH2,SHELF323,'2025-05-13 10:00:00',LOW_STOCK
324,324,SKU78559,500,0,20,WH1,SHELF324,'2025-05-13 10:00:00',OUT_OF_STOCK
325,325,SKU84699,500,0,20,WH3,SHELF325,'2025-05-13 10:00:00',IN_STOCK
326,326,SKU30939,500,0,20,WH2,SHELF326,'2025-05-13 10:00:00',LOW_STOCK
327,327,SKU59288,500,0,20,WH1,SHELF327,'2025-05-13 10:00:00',OUT_OF_STOCK
328,328,SKU24593,500,0,20,WH3,SHELF328,'2025-05-13 10:00:00',IN_STOCK
329,329,SKU37802,500,0,20,WH2,SHELF329,'2025-05-13 10:00:00',LOW_STOCK
330,330,SKU24769,500,0,20,WH1,SHELF330,'2025-05-13 10:00:00',OUT_OF_STOCK
331,331,SKU35722,500,0,20,WH3,SHELF331,'2025-05-13 10:00:00',IN_STOCK
332,332,SKU25961,500,0,20,WH2,SHELF332,'2025-05-13 10:00:00',LOW_STOCK
333,333,SKU67360,500,0,20,WH1,SHELF333,'2025-05-13 10:00:00',OUT_OF_STOCK
334,334,SKU59370,500,0,20,WH3,SHELF334,'2025-05-13 10:00:00',IN_STOCK
335,335,SKU88589,500,0,20,WH2,SHELF335,'2025-05-13 10:00:00',LOW_STOCK
336,336,SKU43833,500,0,20,WH1,SHELF336,'2025-05-13 10:00:00',OUT_OF_STOCK
337,337,SKU68284,500,0,20,WH3,SHELF337,'2025-05-13 10:00:00',IN_STOCK
338,338,SKU65009,500,0,20,WH2,SHELF338,'2025-05-13 10:00:00',LOW_STOCK
339,339,SKU78414,500,0,20,WH1,SHELF339,'2025-05-13 10:00:00',OUT_OF_STOCK
340,340,SKU90238,500,0,20,WH3,SHELF340,'2025-05-13 10:00:00',IN_STOCK
341,341,SKU58191,500,0,20,WH2,SHELF341,'2025-05-13 10:00:00',LOW_STOCK
342,342,SKU75050,500,0,20,WH1,SHELF342,'2025-05-13 10:00:00',OUT_OF_STOCK
343,343,SKU98783,500,0,20,WH3,SHELF343,'2025-05-13 10:00:00',IN_STOCK
344,344,SKU93864,500,0,20,WH2,SHELF344,'2025-05-13 10:00:00',LOW_STOCK
345,345,SKU43276,500,0,20,WH1,SHELF345,'2025-05-13 10:00:00',OUT_OF_STOCK
346,346,SKU35388,500,0,20,WH3,SHELF346,'2025-05-13 10:00:00',IN_STOCK
347,347,SKU54617,500,0,20,WH2,SHELF347,'2025-05-13 10:00:00',LOW_STOCK
348,348,SKU40024,500,0,20,WH1,SHELF348,'2025-05-13 10:00:00',OUT_OF_STOCK
349,349,SKU82713,500,0,20,WH3,SHELF349,'2025-05-13 10:00:00',IN_STOCK
350,350,SKU24462,500,0,20,WH2,SHELF350,'2025-05-13 10:00:00',LOW_STOCK
351,351,SKU81552,500,0,20,WH1,SHELF351,'2025-05-13 10:00:00',OUT_OF_STOCK
352,352,SKU96554,500,0,20,WH3,SHELF352,'2025-05-13 10:00:00',IN_STOCK
353,353,SKU62782,500,0,20,WH2,SHELF353,'2025-05-13 10:00:00',LOW_STOCK
354,354,SKU67332,500,0,20,WH1,SHELF354,'2025-05-13 10:00:00',OUT_OF_STOCK
355,355,SKU72170,500,0,20,WH3,SHELF355,'2025-05-13 10:00:00',IN_STOCK
356,356,SKU30065,500,0,20,WH2,SHELF356,'2025-05-13 10:00:00',LOW_STOCK
357,357,SKU68977,500,0,20,WH1,SHELF357,'2025-05-13 10:00:00',OUT_OF_STOCK
358,358,SKU31618,500,0,20,WH3,SHELF358,'2025-05-13 10:00:00',IN_STOCK
359,359,SKU33880,500,0,20,WH2,SHELF359,'2025-05-13 10:00:00',LOW_STOCK
360,360,SKU54689,500,0,20,WH1,SHELF360,'2025-05-13 10:00:00',OUT_OF_STOCK
361,361,SKU60639,500,0,20,WH3,SHELF361,'2025-05-13 10:00:00',IN_STOCK
362,362,SKU96139,500,0,20,WH2,SHELF362,'2025-05-13 10:00:00',LOW_STOCK
363,363,SKU33057,500,0,20,WH1,SHELF363,'2025-05-13 10:00:00',OUT_OF_STOCK
364,364,SKU53218,500,0,20,WH3,SHELF364,'2025-05-13 10:00:00',IN_STOCK
365,365,SKU43513,500,0,20,WH2,SHELF365,'2025-05-13 10:00:00',LOW_STOCK
366,366,SKU15845,500,0,20,WH1,SHELF366,'2025-05-13 10:00:00',OUT_OF_STOCK
367,367,SKU53883,500,0,20,WH3,SHELF367,'2025-05-13 10:00:00',IN_STOCK
368,368,SKU41130,500,0,20,WH2,SHELF368,'2025-05-13 10:00:00',LOW_STOCK
369,369,SKU26407,500,0,20,WH1,SHELF369,'2025-05-13 10:00:00',OUT_OF_STOCK
370,370,SKU90456,500,0,20,WH3,SHELF370,'2025-05-13 10:00:00',IN_STOCK
371,371,SKU57265,500,0,20,WH2,SHELF371,'2025-05-13 10:00:00',LOW_STOCK
372,372,SKU91870,500,0,20,WH1,SHELF372,'2025-05-13 10:00:00',OUT_OF_STOCK
373,373,SKU92646,500,0,20,WH3,SHELF373,'2025-05-13 10:00:00',IN_STOCK
374,374,SKU77956,500,0,20,WH2,SHELF374,'2025-05-13 10:00:00',LOW_STOCK
375,375,SKU35555,500,0,20,WH1,SHELF375,'2025-05-13 10:00:00',OUT_OF_STOCK
376,376,SKU91364,500,0,20,WH3,SHELF376,'2025-05-13 10:00:00',IN_STOCK
377,377,SKU24193,500,0,20,WH2,SHELF377,'2025-05-13 10:00:00',LOW_STOCK
378,378,SKU87004,500,0,20,WH1,SHELF378,'2025-05-13 10:00:00',OUT_OF_STOCK
379,379,SKU82680,500,0,20,WH3,SHELF379,'2025-05-13 10:00:00',IN_STOCK
380,380,SKU25507,500,0,20,WH2,SHELF380,'2025-05-13 10:00:00',LOW_STOCK
381,381,SKU79107,500,0,20,WH1,SHELF381,'2025-05-13 10:00:00',OUT_OF_STOCK
382,382,SKU23143,500,0,20,WH3,SHELF382,'2025-05-13 10:00:00',IN_STOCK
383,383,SKU49085,500,0,20,WH2,SHELF383,'2025-05-13 10:00:00',LOW_STOCK
384,384,SKU80153,500,0,20,WH1,SHELF384,'2025-05-13 10:00:00',OUT_OF_STOCK
385,385,SKU23651,500,0,20,WH3,SHELF385,'2025-05-13 10:00:00',IN_STOCK
386,386,SKU28217,500,0,20,WH2,SHELF386,'2025-05-13 10:00:00',LOW_STOCK
387,387,SKU75053,500,0,20,WH1,SHELF387,'2025-05-13 10:00:00',OUT_OF_STOCK
388,388,SKU68366,500,0,20,WH3,SHELF388,'2025-05-13 10:00:00',IN_STOCK
389,389,SKU59194,500,0,20,WH2,SHELF389,'2025-05-13 10:00:00',LOW_STOCK
390,390,SKU18119,500,0,20,WH1,SHELF390,'2025-05-13 10:00:00',OUT_OF_STOCK
391,391,SKU15080,500,0,20,WH3,SHELF391,'2025-05-13 10:00:00',IN_STOCK
392,392,SKU84301,500,0,20,WH2,SHELF392,'2025-05-13 10:00:00',LOW_STOCK
393,393,SKU55457,500,0,20,WH1,SHELF393,'2025-05-13 10:00:00',OUT_OF_STOCK
394,394,SKU55991,500,0,20,WH3,SHELF394,'2025-05-13 10:00:00',IN_STOCK
395,395,SKU40383,500,0,20,WH2,SHELF395,'2025-05-13 10:00:00',LOW_STOCK
396,396,SKU50992,500,0,20,WH1,SHELF396,'2025-05-13 10:00:00',OUT_OF_STOCK
397,397,SKU43011,500,0,20,WH3,SHELF397,'2025-05-13 10:00:00',IN_STOCK
398,398,SKU97107,500,0,20,WH2,SHELF398,'2025-05-13 10:00:00',LOW_STOCK
399,399,SKU90102,500,0,20,WH1,SHELF399,'2025-05-13 10:00:00',OUT_OF_STOCK
400,400,SKU49481,500,0,20,WH3,SHELF400,'2025-05-13 10:00:00',IN_STOCK
401,401,SKU17841,500,0,20,WH2,SHELF401,'2025-05-13 10:00:00',LOW_STOCK
402,402,SKU74387,500,0,20,WH1,SHELF402,'2025-05-13 10:00:00',OUT_OF_STOCK
403,403,SKU15612,500,0,20,WH3,SHELF403,'2025-05-13 10:00:00',IN_STOCK
404,404,SKU68382,500,0,20,WH2,SHELF404,'2025-05-13 10:00:00',LOW_STOCK
405,405,SKU75785,500,0,20,WH1,SHELF405,'2025-05-13 10:00:00',OUT_OF_STOCK
406,406,SKU46740,500,0,20,WH3,SHELF406,'2025-05-13 10:00:00',IN_STOCK
407,407,SKU16710,500,0,20,WH2,SHELF407,'2025-05-13 10:00:00',LOW_STOCK
408,408,SKU57557,500,0,20,WH1,SHELF408,'2025-05-13 10:00:00',OUT_OF_STOCK
409,409,SKU52556,500,0,20,WH3,SHELF409,'2025-05-13 10:00:00',IN_STOCK
410,410,SKU49171,500,0,20,WH2,SHELF410,'2025-05-13 10:00:00',LOW_STOCK
411,411,SKU49907,500,0,20,WH1,SHELF411,'2025-05-13 10:00:00',OUT_OF_STOCK
412,412,SKU35957,500,0,20,WH3,SHELF412,'2025-05-13 10:00:00',IN_STOCK
413,413,SKU15490,500,0,20,WH2,SHELF413,'2025-05-13 10:00:00',LOW_STOCK
414,414,SKU27286,500,0,20,WH1,SHELF414,'2025-05-13 10:00:00',OUT_OF_STOCK
415,415,SKU28601,500,0,20,WH3,SHELF415,'2025-05-13 10:00:00',IN_STOCK
416,416,SKU31002,500,0,20,WH2,SHELF416,'2025-05-13 10:00:00',LOW_STOCK
417,417,SKU90409,500,0,20,WH1,SHELF417,'2025-05-13 10:00:00',OUT_OF_STOCK
418,418,SKU65174,500,0,20,WH3,SHELF418,'2025-05-13 10:00:00',IN_STOCK
419,419,SKU95955,500,0,20,WH2,SHELF419,'2025-05-13 10:00:00',LOW_STOCK
420,420,SKU42075,500,0,20,WH1,SHELF420,'2025-05-13 10:00:00',OUT_OF_STOCK
421,421,SKU58696,500,0,20,WH3,SHELF421,'2025-05-13 10:00:00',IN_STOCK
422,422,SKU68850,500,0,20,WH2,SHELF422,'2025-05-13 10:00:00',LOW_STOCK
423,423,SKU39628,500,0,20,WH1,SHELF423,'2025-05-13 10:00:00',OUT_OF_STOCK
424,424,SKU66446,500,0,20,WH3,SHELF424,'2025-05-13 10:00:00',IN_STOCK
425,425,SKU49127,500,0,20,WH2,SHELF425,'2025-05-13 10:00:00',LOW_STOCK
426,426,SKU76815,500,0,20,WH1,SHELF426,'2025-05-13 10:00:00',OUT_OF_STOCK
427,427,SKU62033,500,0,20,WH3,SHELF427,'2025-05-13 10:00:00',IN_STOCK
428,428,SKU85742,500,0,20,WH2,SHELF428,'2025-05-13 10:00:00',LOW_STOCK
429,429,SKU19948,500,0,20,WH1,SHELF429,'2025-05-13 10:00:00',OUT_OF_STOCK
430,430,SKU40424,500,0,20,WH3,SHELF430,'2025-05-13 10:00:00',IN_STOCK
431,431,SKU17451,500,0,20,WH2,SHELF431,'2025-05-13 10:00:00',LOW_STOCK
432,432,SKU86869,500,0,20,WH1,SHELF432,'2025-05-13 10:00:00',OUT_OF_STOCK
433,433,SKU13092,500,0,20,WH3,SHELF433,'2025-05-13 10:00:00',IN_STOCK
434,434,SKU66638,500,0,20,WH2,SHELF434,'2025-05-13 10:00:00',LOW_STOCK
435,435,SKU90292,500,0,20,WH1,SHELF435,'2025-05-13 10:00:00',OUT_OF_STOCK
436,436,SKU84860,500,0,20,WH3,SHELF436,'2025-05-13 10:00:00',IN_STOCK
437,437,SKU66283,500,0,20,WH2,SHELF437,'2025-05-13 10:00:00',LOW_STOCK
438,438,SKU66302,500,0,20,WH1,SHELF438,'2025-05-13 10:00:00',OUT_OF_STOCK
439,439,SKU49639,500,0,20,WH3,SHELF439,'2025-05-13 10:00:00',IN_STOCK
440,440,SKU17007,500,0,20,WH2,SHELF440,'2025-05-13 10:00:00',LOW_STOCK
441,441,SKU39370,500,0,20,WH1,SHELF441,'2025-05-13 10:00:00',OUT_OF_STOCK
442,442,SKU28711,500,0,20,WH3,SHELF442,'2025-05-13 10:00:00',IN_STOCK
443,443,SKU60982,500,0,20,WH2,SHELF443,'2025-05-13 10:00:00',LOW_STOCK
444,444,SKU97026,500,0,20,WH1,SHELF444,'2025-05-13 10:00:00',OUT_OF_STOCK
445,445,SKU91185,500,0,20,WH3,SHELF445,'2025-05-13 10:00:00',IN_STOCK
446,446,SKU43397,500,0,20,WH2,SHELF446,'2025-05-13 10:00:00',LOW_STOCK
447,447,SKU61961,500,0,20,WH1,SHELF447,'2025-05-13 10:00:00',OUT_OF_STOCK
448,448,SKU36131,500,0,20,WH3,SHELF448,'2025-05-13 10:00:00',IN_STOCK
449,449,SKU10532,500,0,20,WH2,SHELF449,'2025-05-13 10:00:00',LOW_STOCK
450,450,SKU48762,500,0,20,WH1,SHELF450,'2025-05-13 10:00:00',OUT_OF_STOCK
451,451,SKU56150,500,0,20,WH3,SHELF451,'2025-05-13 10:00:00',IN_STOCK
452,452,SKU32754,500,0,20,WH2,SHELF452,'2025-05-13 10:00:00',LOW_STOCK
453,453,SKU75073,500,0,20,WH1,SHELF453,'2025-05-13 10:00:00',OUT_OF_STOCK
454,454,SKU18286,500,0,20,WH3,SHELF454,'2025-05-13 10:00:00',IN_STOCK
455,455,SKU23714,500,0,20,WH2,SHELF455,'2025-05-13 10:00:00',LOW_STOCK
456,456,SKU29155,500,0,20,WH1,SHELF456,'2025-05-13 10:00:00',OUT_OF_STOCK
457,457,SKU52587,500,0,20,WH3,SHELF457,'2025-05-13 10:00:00',IN_STOCK
458,458,SKU25663,500,0,20,WH2,SHELF458,'2025-05-13 10:00:00',LOW_STOCK
459,459,SKU24270,500,0,20,WH1,SHELF459,'2025-05-13 10:00:00',OUT_OF_STOCK
460,460,SKU95521,500,0,20,WH3,SHELF460,'2025-05-13 10:00:00',IN_STOCK
461,461,SKU20608,500,0,20,WH2,SHELF461,'2025-05-13 10:00:00',LOW_STOCK
462,462,SKU59337,500,0,20,WH1,SHELF462,'2025-05-13 10:00:00',OUT_OF_STOCK
463,463,SKU58576,500,0,20,WH3,SHELF463,'2025-05-13 10:00:00',IN_STOCK
464,464,SKU51311,500,0,20,WH2,SHELF464,'2025-05-13 10:00:00',LOW_STOCK
465,465,SKU13506,500,0,20,WH1,SHELF465,'2025-05-13 10:00:00',OUT_OF_STOCK
466,466,SKU30342,500,0,20,WH3,SHELF466,'2025-05-13 10:00:00',IN_STOCK
467,467,SKU28629,500,0,20,WH2,SHELF467,'2025-05-13 10:00:00',LOW_STOCK
468,468,SKU69253,500,0,20,WH1,SHELF468,'2025-05-13 10:00:00',OUT_OF_STOCK
469,469,SKU10377,500,0,20,WH3,SHELF469,'2025-05-13 10:00:00',IN_STOCK
470,470,SKU65758,500,0,20,WH2,SHELF470,'2025-05-13 10:00:00',LOW_STOCK
471,471,SKU17018,500,0,20,WH1,SHELF471,'2025-05-13 10:00:00',OUT_OF_STOCK
472,472,SKU72731,500,0,20,WH3,SHELF472,'2025-05-13 10:00:00',IN_STOCK
473,473,SKU18461,500,0,20,WH2,SHELF473,'2025-05-13 10:00:00',LOW_STOCK
474,474,SKU69807,500,0,20,WH1,SHELF474,'2025-05-13 10:00:00',OUT_OF_STOCK
475,475,SKU47067,500,0,20,WH3,SHELF475,'2025-05-13 10:00:00',IN_STOCK
476,476,SKU23868,500,0,20,WH2,SHELF476,'2025-05-13 10:00:00',LOW_STOCK
477,477,SKU59074,500,0,20,WH1,SHELF477,'2025-05-13 10:00:00',OUT_OF_STOCK
478,478,SKU19214,500,0,20,WH3,SHELF478,'2025-05-13 10:00:00',IN_STOCK
479,479,SKU30268,500,0,20,WH2,SHELF479,'2025-05-13 10:00:00',LOW_STOCK
480,480,SKU94665,500,0,20,WH1,SHELF480,'2025-05-13 10:00:00',OUT_OF_STOCK
481,481,SKU71945,500,0,20,WH3,SHELF481,'2025-05-13 10:00:00',IN_STOCK
482,482,SKU24339,500,0,20,WH2,SHELF482,'2025-05-13 10:00:00',LOW_STOCK
483,483,SKU42189,500,0,20,WH1,SHELF483,'2025-05-13 10:00:00',OUT_OF_STOCK
484,484,SKU67514,500,0,20,WH3,SHELF484,'2025-05-13 10:00:00',IN_STOCK
485,485,SKU27204,500,0,20,WH2,SHELF485,'2025-05-13 10:00:00',LOW_STOCK
486,486,SKU62861,500,0,20,WH1,SHELF486,'2025-05-13 10:00:00',OUT_OF_STOCK
487,487,SKU65422,500,0,20,WH3,SHELF487,'2025-05-13 10:00:00',IN_STOCK
488,488,SKU21001,500,0,20,WH2,SHELF488,'2025-05-13 10:00:00',LOW_STOCK
489,489,SKU43834,500,0,20,WH1,SHELF489,'2025-05-13 10:00:00',OUT_OF_STOCK
490,490,SKU81208,500,0,20,WH3,SHELF490,'2025-05-13 10:00:00',IN_STOCK
491,491,SKU99867,500,0,20,WH2,SHELF491,'2025-05-13 10:00:00',LOW_STOCK
492,492,SKU51248,500,0,20,WH1,SHELF492,'2025-05-13 10:00:00',OUT_OF_STOCK
493,493,SKU39307,500,0,20,WH3,SHELF493,'2025-05-13 10:00:00',IN_STOCK
494,494,SKU64375,500,0,20,WH2,SHELF494,'2025-05-13 10:00:00',LOW_STOCK
495,495,SKU68849,500,0,20,WH1,SHELF495,'2025-05-13 10:00:00',OUT_OF_STOCK
496,496,SKU27273,500,0,20,WH3,SHELF496,'2025-05-13 10:00:00',IN_STOCK
497,497,SKU61482,500,0,20,WH2,SHELF497,'2025-05-13 10:00:00',LOW_STOCK
498,498,SKU57092,500,0,20,WH1,SHELF498,'2025-05-13 10:00:00',OUT_OF_STOCK
499,499,SKU73386,500,0,20,WH3,SHELF499,'2025-05-13 10:00:00',IN_STOCK
500,500,SKU90892,500,0,20,WH2,SHELF500,'2025-05-13 10:00:00',LOW_STOCK
501,501,SKU43897,500,0,20,WH3,SHELF501,'2025-05-13 10:00:00',OUT_OF_STOCK
502,502,SKU39536,500,0,20,WH2,SHELF502,'2025-05-13 10:00:00',IN_STOCK
503,503,SKU76132,500,0,20,WH1,SHELF503,'2025-05-13 10:00:00',LOW_STOCK
504,504,SKU13042,500,0,20,WH3,SHELF504,'2025-05-13 10:00:00',OUT_OF_STOCK
505,505,SKU89013,500,0,20,WH2,SHELF505,'2025-05-13 10:00:00',IN_STOCK
506,506,SKU34492,500,0,20,WH3,SHELF506,'2025-05-13 10:00:00',LOW_STOCK
507,507,SKU63823,500,0,20,WH2,SHELF507,'2025-05-13 10:00:00',OUT_OF_STOCK
508,508,SKU94449,500,0,20,WH1,SHELF508,'2025-05-13 10:00:00',IN_STOCK
509,509,SKU61717,500,0,20,WH3,SHELF509,'2025-05-13 10:00:00',LOW_STOCK
510,510,SKU30033,500,0,20,WH2,SHELF510,'2025-05-13 10:00:00',OUT_OF_STOCK
511,511,SKU88308,500,0,20,WH3,SHELF511,'2025-05-13 10:00:00',IN_STOCK
512,512,SKU95911,500,0,20,WH2,SHELF512,'2025-05-13 10:00:00',LOW_STOCK
513,513,SKU48087,500,0,20,WH1,SHELF513,'2025-05-13 10:00:00',OUT_OF_STOCK
514,514,SKU80597,500,0,20,WH3,SHELF514,'2025-05-13 10:00:00',IN_STOCK
515,515,SKU91454,500,0,20,WH2,SHELF515,'2025-05-13 10:00:00',LOW_STOCK
516,516,SKU76420,500,0,20,WH3,SHELF516,'2025-05-13 10:00:00',OUT_OF_STOCK
517,517,SKU22905,500,0,20,WH2,SHELF517,'2025-05-13 10:00:00',IN_STOCK
518,518,SKU19154,500,0,20,WH1,SHELF518,'2025-05-13 10:00:00',LOW_STOCK
519,519,SKU82748,500,0,20,WH3,SHELF519,'2025-05-13 10:00:00',OUT_OF_STOCK
520,520,SKU49300,500,0,20,WH2,SHELF520,'2025-05-13 10:00:00',IN_STOCK
521,521,SKU45544,500,0,20,WH3,SHELF521,'2025-05-13 10:00:00',LOW_STOCK
522,522,SKU88025,500,0,20,WH2,SHELF522,'2025-05-13 10:00:00',OUT_OF_STOCK
523,523,SKU83762,500,0,20,WH1,SHELF523,'2025-05-13 10:00:00',IN_STOCK
524,524,SKU54390,500,0,20,WH3,SHELF524,'2025-05-13 10:00:00',LOW_STOCK
525,525,SKU69336,500,0,20,WH2,SHELF525,'2025-05-13 10:00:00',OUT_OF_STOCK
526,526,SKU41815,500,0,20,WH3,SHELF526,'2025-05-13 10:00:00',IN_STOCK
527,527,SKU68619,500,0,20,WH2,SHELF527,'2025-05-13 10:00:00',LOW_STOCK
528,528,SKU39110,500,0,20,WH1,SHELF528,'2025-05-13 10:00:00',OUT_OF_STOCK
529,529,SKU43314,500,0,20,WH3,SHELF529,'2025-05-13 10:00:00',IN_STOCK
530,530,SKU65151,500,0,20,WH2,SHELF530,'2025-05-13 10:00:00',LOW_STOCK
531,531,SKU59547,500,0,20,WH3,SHELF531,'2025-05-13 10:00:00',OUT_OF_STOCK
532,532,SKU37784,500,0,20,WH2,SHELF532,'2025-05-13 10:00:00',IN_STOCK
533,533,SKU15070,500,0,20,WH1,SHELF533,'2025-05-13 10:00:00',LOW_STOCK
534,534,SKU27976,500,0,20,WH3,SHELF534,'2025-05-13 10:00:00',OUT_OF_STOCK
535,535,SKU10647,500,0,20,WH2,SHELF535,'2025-05-13 10:00:00',IN_STOCK
536,536,SKU83594,500,0,20,WH3,SHELF536,'2025-05-13 10:00:00',LOW_STOCK
537,537,SKU77752,500,0,20,WH2,SHELF537,'2025-05-13 10:00:00',OUT_OF_STOCK
538,538,SKU92263,500,0,20,WH1,SHELF538,'2025-05-13 10:00:00',IN_STOCK
539,539,SKU83174,500,0,20,WH3,SHELF539,'2025-05-13 10:00:00',LOW_STOCK
540,540,SKU76209,500,0,20,WH2,SHELF540,'2025-05-13 10:00:00',OUT_OF_STOCK
541,541,SKU21613,500,0,20,WH3,SHELF541,'2025-05-13 10:00:00',IN_STOCK
542,542,SKU11579,500,0,20,WH2,SHELF542,'2025-05-13 10:00:00',LOW_STOCK
543,543,SKU71926,500,0,20,WH1,SHELF543,'2025-05-13 10:00:00',OUT_OF_STOCK
544,544,SKU43119,500,0,20,WH3,SHELF544,'2025-05-13 10:00:00',IN_STOCK
545,545,SKU80317,500,0,20,WH2,SHELF545,'2025-05-13 10:00:00',LOW_STOCK
546,546,SKU82282,500,0,20,WH3,SHELF546,'2025-05-13 10:00:00',OUT_OF_STOCK
547,547,SKU41025,500,0,20,WH2,SHELF547,'2025-05-13 10:00:00',IN_STOCK
548,548,SKU55830,500,0,20,WH1,SHELF548,'2025-05-13 10:00:00',LOW_STOCK
549,549,SKU96649,500,0,20,WH3,SHELF549,'2025-05-13 10:00:00',OUT_OF_STOCK
550,550,SKU51411,500,0,20,WH2,SHELF550,'2025-05-13 10:00:00',IN_STOCK
551,551,SKU64108,500,0,20,WH3,SHELF551,'2025-05-13 10:00:00',LOW_STOCK
552,552,SKU78029,500,0,20,WH2,SHELF552,'2025-05-13 10:00:00',OUT_OF_STOCK
553,553,SKU15372,500,0,20,WH1,SHELF553,'2025-05-13 10:00:00',IN_STOCK
554,554,SKU83295,500,0,20,WH3,SHELF554,'2025-05-13 10:00:00',LOW_STOCK
555,555,SKU22965,500,0,20,WH2,SHELF555,'2025-05-13 10:00:00',OUT_OF_STOCK
556,556,SKU13347,500,0,20,WH3,SHELF556,'2025-05-13 10:00:00',IN_STOCK
557,557,SKU18139,500,0,20,WH2,SHELF557,'2025-05-13 10:00:00',LOW_STOCK
558,558,SKU28081,500,0,20,WH1,SHELF558,'2025-05-13 10:00:00',OUT_OF_STOCK
559,559,SKU51022,500,0,20,WH3,SHELF559,'2025-05-13 10:00:00',IN_STOCK
560,560,SKU39351,500,0,20,WH2,SHELF560,'2025-05-13 10:00:00',LOW_STOCK
561,561,SKU73949,500,0,20,WH3,SHELF561,'2025-05-13 10:00:00',OUT_OF_STOCK
562,562,SKU81413,500,0,20,WH2,SHELF562,'2025-05-13 10:00:00',IN_STOCK
563,563,SKU75026,500,0,20,WH1,SHELF563,'2025-05-13 10:00:00',LOW_STOCK
564,564,SKU63589,500,0,20,WH3,SHELF564,'2025-05-13 10:00:00',OUT_OF_STOCK
565,565,SKU93098,500,0,20,WH2,SHELF565,'2025-05-13 10:00:00',IN_STOCK
566,566,SKU34761,500,0,20,WH3,SHELF566,'2025-05-13 10:00:00',LOW_STOCK
567,567,SKU33750,500,0,20,WH2,SHELF567,'2025-05-13 10:00:00',OUT_OF_STOCK
568,568,SKU80607,500,0,20,WH1,SHELF568,'2025-05-13 10:00:00',IN_STOCK
569,569,SKU72156,500,0,20,WH3,SHELF569,'2025-05-13 10:00:00',LOW_STOCK
570,570,SKU55512,500,0,20,WH2,SHELF570,'2025-05-13 10:00:00',OUT_OF_STOCK
571,571,SKU67172,500,0,20,WH3,SHELF571,'2025-05-13 10:00:00',IN_STOCK
572,572,SKU25353,500,0,20,WH2,SHELF572,'2025-05-13 10:00:00',LOW_STOCK
573,573,SKU72144,500,0,20,WH1,SHELF573,'2025-05-13 10:00:00',OUT_OF_STOCK
574,574,SKU49229,500,0,20,WH3,SHELF574,'2025-05-13 10:00:00',IN_STOCK
575,575,SKU26049,500,0,20,WH2,SHELF575,'2025-05-13 10:00:00',LOW_STOCK
576,576,SKU35121,500,0,20,WH3,SHELF576,'2025-05-13 10:00:00',OUT_OF_STOCK
577,577,SKU96220,500,0,20,WH2,SHELF577,'2025-05-13 10:00:00',IN_STOCK
578,578,SKU49267,500,0,20,WH1,SHELF578,'2025-05-13 10:00:00',LOW_STOCK
579,579,SKU94621,500,0,20,WH3,SHELF579,'2025-05-13 10:00:00',OUT_OF_STOCK
580,580,SKU91626,500,0,20,WH2,SHELF580,'2025-05-13 10:00:00',IN_STOCK
581,581,SKU29075,500,0,20,WH3,SHELF581,'2025-05-13 10:00:00',LOW_STOCK
582,582,SKU66139,500,0,20,WH2,SHELF582,'2025-05-13 10:00:00',OUT_OF_STOCK
583,583,SKU78849,500,0,20,WH1,SHELF583,'2025-05-13 10:00:00',IN_STOCK
584,584,SKU83297,500,0,20,WH3,SHELF584,'2025-05-13 10:00:00',LOW_STOCK
585,585,SKU19646,500,0,20,WH2,SHELF585,'2025-05-13 10:00:00',OUT_OF_STOCK
586,586,SKU24813,500,0,20,WH3,SHELF586,'2025-05-13 10:00:00',IN_STOCK
587,587,SKU27564,500,0,20,WH2,SHELF587,'2025-05-13 10:00:00',LOW_STOCK
588,588,SKU39285,500,0,20,WH1,SHELF588,'2025-05-13 10:00:00',OUT_OF_STOCK
589,589,SKU34090,500,0,20,WH3,SHELF589,'2025-05-13 10:00:00',IN_STOCK
590,590,SKU45580,500,0,20,WH2,SHELF590,'2025-05-13 10:00:00',LOW_STOCK
591,591,SKU11455,500,0,20,WH3,SHELF591,'2025-05-13 10:00:00',OUT_OF_STOCK
592,592,SKU68896,500,0,20,WH2,SHELF592,'2025-05-13 10:00:00',IN_STOCK
593,593,SKU82191,500,0,20,WH1,SHELF593,'2025-05-13 10:00:00',LOW_STOCK
594,594,SKU48560,500,0,20,WH3,SHELF594,'2025-05-13 10:00:00',OUT_OF_STOCK
595,595,SKU62737,500,0,20,WH2,SHELF595,'2025-05-13 10:00:00',IN_STOCK
596,596,SKU74082,500,0,20,WH3,SHELF596,'2025-05-13 10:00:00',LOW_STOCK
597,597,SKU31029,500,0,20,WH2,SHELF597,'2025-05-13 10:00:00',OUT_OF_STOCK
598,598,SKU59581,500,0,20,WH1,SHELF598,'2025-05-13 10:00:00',IN_STOCK
599,599,SKU31746,500,0,20,WH3,SHELF599,'2025-05-13 10:00:00',LOW_STOCK
600,600,SKU46935,500,0,20,WH2,SHELF600,'2025-05-13 10:00:00',OUT_OF_STOCK
601,601,SKU46313,500,0,20,WH3,SHELF601,'2025-05-13 10:00:00',IN_STOCK
602,602,SKU95828,500,0,20,WH2,SHELF602,'2025-05-13 10:00:00',LOW_STOCK
603,603,SKU81996,500,0,20,WH1,SHELF603,'2025-05-13 10:00:00',OUT_OF_STOCK
604,604,SKU84823,500,0,20,WH3,SHELF604,'2025-05-13 10:00:00',IN_STOCK
605,605,SKU21879,500,0,20,WH2,SHELF605,'2025-05-13 10:00:00',LOW_STOCK
606,606,SKU60730,500,0,20,WH3,SHELF606,'2025-05-13 10:00:00',OUT_OF_STOCK
607,607,SKU75178,500,0,20,WH2,SHELF607,'2025-05-13 10:00:00',IN_STOCK
608,608,SKU77776,500,0,20,WH1,SHELF608,'2025-05-13 10:00:00',LOW_STOCK
609,609,SKU32146,500,0,20,WH3,SHELF609,'2025-05-13 10:00:00',OUT_OF_STOCK
610,610,SKU33480,500,0,20,WH2,SHELF610,'2025-05-13 10:00:00',IN_STOCK
611,611,SKU69714,500,0,20,WH3,SHELF611,'2025-05-13 10:00:00',LOW_STOCK
612,612,SKU56229,500,0,20,WH2,SHELF612,'2025-05-13 10:00:00',OUT_OF_STOCK
613,613,SKU51463,500,0,20,WH1,SHELF613,'2025-05-13 10:00:00',IN_STOCK
614,614,SKU14855,500,0,20,WH3,SHELF614,'2025-05-13 10:00:00',LOW_STOCK
615,615,SKU35249,500,0,20,WH2,SHELF615,'2025-05-13 10:00:00',OUT_OF_STOCK
616,616,SKU10695,500,0,20,WH3,SHELF616,'2025-05-13 10:00:00',IN_STOCK
617,617,SKU77507,500,0,20,WH2,SHELF617,'2025-05-13 10:00:00',LOW_STOCK
618,618,SKU84407,500,0,20,WH1,SHELF618,'2025-05-13 10:00:00',OUT_OF_STOCK
619,619,SKU54450,500,0,20,WH3,SHELF619,'2025-05-13 10:00:00',IN_STOCK
620,620,SKU15938,500,0,20,WH2,SHELF620,'2025-05-13 10:00:00',LOW_STOCK
621,621,SKU61951,500,0,20,WH3,SHELF621,'2025-05-13 10:00:00',OUT_OF_STOCK
622,622,SKU70303,500,0,20,WH2,SHELF622,'2025-05-13 10:00:00',IN_STOCK
623,623,SKU60234,500,0,20,WH1,SHELF623,'2025-05-13 10:00:00',LOW_STOCK
624,624,SKU98280,500,0,20,WH3,SHELF624,'2025-05-13 10:00:00',OUT_OF_STOCK
625,625,SKU22667,500,0,20,WH2,SHELF625,'2025-05-13 10:00:00',IN_STOCK
626,626,SKU11524,500,0,20,WH3,SHELF626,'2025-05-13 10:00:00',LOW_STOCK
627,627,SKU22506,500,0,20,WH2,SHELF627,'2025-05-13 10:00:00',OUT_OF_STOCK
628,628,SKU41137,500,0,20,WH1,SHELF628,'2025-05-13 10:00:00',IN_STOCK
629,629,SKU84156,500,0,20,WH3,SHELF629,'2025-05-13 10:00:00',LOW_STOCK
630,630,SKU41187,500,0,20,WH2,SHELF630,'2025-05-13 10:00:00',OUT_OF_STOCK
631,631,SKU51624,500,0,20,WH3,SHELF631,'2025-05-13 10:00:00',IN_STOCK
632,632,SKU93580,500,0,20,WH2,SHELF632,'2025-05-13 10:00:00',LOW_STOCK
633,633,SKU44741,500,0,20,WH1,SHELF633,'2025-05-13 10:00:00',OUT_OF_STOCK
634,634,SKU62050,500,0,20,WH3,SHELF634,'2025-05-13 10:00:00',IN_STOCK
635,635,SKU83072,500,0,20,WH2,SHELF635,'2025-05-13 10:00:00',LOW_STOCK
636,636,SKU56185,500,0,20,WH3,SHELF636,'2025-05-13 10:00:00',OUT_OF_STOCK
637,637,SKU37998,500,0,20,WH2,SHELF637,'2025-05-13 10:00:00',IN_STOCK
638,638,SKU27769,500,0,20,WH1,SHELF638,'2025-05-13 10:00:00',LOW_STOCK
639,639,SKU28417,500,0,20,WH3,SHELF639,'2025-05-13 10:00:00',OUT_OF_STOCK
640,640,SKU14525,500,0,20,WH2,SHELF640,'2025-05-13 10:00:00',IN_STOCK
641,641,SKU43426,500,0,20,WH3,SHELF641,'2025-05-13 10:00:00',LOW_STOCK
642,642,SKU32321,500,0,20,WH2,SHELF642,'2025-05-13 10:00:00',OUT_OF_STOCK
643,643,SKU61121,500,0,20,WH1,SHELF643,'2025-05-13 10:00:00',IN_STOCK
644,644,SKU73241,500,0,20,WH3,SHELF644,'2025-05-13 10:00:00',LOW_STOCK
645,645,SKU45362,500,0,20,WH2,SHELF645,'2025-05-13 10:00:00',OUT_OF_STOCK
646,646,SKU73446,500,0,20,WH3,SHELF646,'2025-05-13 10:00:00',IN_STOCK
647,647,SKU93662,500,0,20,WH2,SHELF647,'2025-05-13 10:00:00',LOW_STOCK
648,648,SKU66657,500,0,20,WH1,SHELF648,'2025-05-13 10:00:00',OUT_OF_STOCK
649,649,SKU15003,500,0,20,WH3,SHELF649,'2025-05-13 10:00:00',IN_STOCK
650,650,SKU81078,500,0,20,WH2,SHELF650,'2025-05-13 10:00:00',LOW_STOCK
651,651,SKU28946,500,0,20,WH3,SHELF651,'2025-05-13 10:00:00',OUT_OF_STOCK
652,652,SKU12034,500,0,20,WH2,SHELF652,'2025-05-13 10:00:00',IN_STOCK
653,653,SKU42738,500,0,20,WH1,SHELF653,'2025-05-13 10:00:00',LOW_STOCK
654,654,SKU44101,500,0,20,WH3,SHELF654,'2025-05-13 10:00:00',OUT_OF_STOCK
655,655,SKU98111,500,0,20,WH2,SHELF655,'2025-05-13 10:00:00',IN_STOCK
656,656,SKU43789,500,0,20,WH3,SHELF656,'2025-05-13 10:00:00',LOW_STOCK
657,657,SKU89681,500,0,20,WH2,SHELF657,'2025-05-13 10:00:00',OUT_OF_STOCK
658,658,SKU48790,500,0,20,WH1,SHELF658,'2025-05-13 10:00:00',IN_STOCK
659,659,SKU37501,500,0,20,WH3,SHELF659,'2025-05-13 10:00:00',LOW_STOCK
660,660,SKU58660,500,0,20,WH2,SHELF660,'2025-05-13 10:00:00',OUT_OF_STOCK
661,661,SKU32274,500,0,20,WH3,SHELF661,'2025-05-13 10:00:00',IN_STOCK
662,662,SKU66660,500,0,20,WH2,SHELF662,'2025-05-13 10:00:00',LOW_STOCK
663,663,SKU68824,500,0,20,WH1,SHELF663,'2025-05-13 10:00:00',OUT_OF_STOCK
664,664,SKU52179,500,0,20,WH3,SHELF664,'2025-05-13 10:00:00',IN_STOCK
665,665,SKU71101,500,0,20,WH2,SHELF665,'2025-05-13 10:00:00',LOW_STOCK
666,666,SKU87675,500,0,20,WH3,SHELF666,'2025-05-13 10:00:00',OUT_OF_STOCK
667,667,SKU51068,500,0,20,WH2,SHELF667,'2025-05-13 10:00:00',IN_STOCK
668,668,SKU85159,500,0,20,WH1,SHELF668,'2025-05-13 10:00:00',LOW_STOCK
669,669,SKU85714,500,0,20,WH3,SHELF669,'2025-05-13 10:00:00',OUT_OF_STOCK
670,670,SKU10116,500,0,20,WH2,SHELF670,'2025-05-13 10:00:00',IN_STOCK
671,671,SKU59537,500,0,20,WH3,SHELF671,'2025-05-13 10:00:00',LOW_STOCK
672,672,SKU10980,500,0,20,WH2,SHELF672,'2025-05-13 10:00:00',OUT_OF_STOCK
673,673,SKU53249,500,0,20,WH1,SHELF673,'2025-05-13 10:00:00',IN_STOCK
674,674,SKU35998,500,0,20,WH3,SHELF674,'2025-05-13 10:00:00',LOW_STOCK
675,675,SKU51621,500,0,20,WH2,SHELF675,'2025-05-13 10:00:00',OUT_OF_STOCK
676,676,SKU16942,500,0,20,WH3,SHELF676,'2025-05-13 10:00:00',IN_STOCK
677,677,SKU85193,500,0,20,WH2,SHELF677,'2025-05-13 10:00:00',LOW_STOCK
678,678,SKU35592,500,0,20,WH1,SHELF678,'2025-05-13 10:00:00',OUT_OF_STOCK
679,679,SKU41730,500,0,20,WH3,SHELF679,'2025-05-13 10:00:00',IN_STOCK
680,680,SKU56978,500,0,20,WH2,SHELF680,'2025-05-13 10:00:00',LOW_STOCK
681,681,SKU82524,500,0,20,WH3,SHELF681,'2025-05-13 10:00:00',OUT_OF_STOCK
682,682,SKU34976,500,0,20,WH2,SHELF682,'2025-05-13 10:00:00',IN_STOCK
683,683,SKU73308,500,0,20,WH1,SHELF683,'2025-05-13 10:00:00',LOW_STOCK
684,684,SKU32525,500,0,20,WH3,SHELF684,'2025-05-13 10:00:00',OUT_OF_STOCK
685,685,SKU24868,500,0,20,WH2,SHELF685,'2025-05-13 10:00:00',IN_STOCK
686,686,SKU89279,500,0,20,WH3,SHELF686,'2025-05-13 10:00:00',LOW_STOCK
687,687,SKU68282,500,0,20,WH2,SHELF687,'2025-05-13 10:00:00',OUT_OF_STOCK
688,688,SKU13886,500,0,20,WH1,SHELF688,'2025-05-13 10:00:00',IN_STOCK
689,689,SKU46985,500,0,20,WH3,SHELF689,'2025-05-13 10:00:00',LOW_STOCK
690,690,SKU80151,500,0,20,WH2,SHELF690,'2025-05-13 10:00:00',OUT_OF_STOCK
691,691,SKU26063,500,0,20,WH3,SHELF691,'2025-05-13 10:00:00',IN_STOCK
692,692,SKU45445,500,0,20,WH2,SHELF692,'2025-05-13 10:00:00',LOW_STOCK
693,693,SKU22255,500,0,20,WH1,SHELF693,'2025-05-13 10:00:00',OUT_OF_STOCK
694,694,SKU73155,500,0,20,WH3,SHELF694,'2025-05-13 10:00:00',IN_STOCK
695,695,SKU81979,500,0,20,WH2,SHELF695,'2025-05-13 10:00:00',LOW_STOCK
696,696,SKU55591,500,0,20,WH3,SHELF696,'2025-05-13 10:00:00',OUT_OF_STOCK
697,697,SKU23395,500,0,20,WH2,SHELF697,'2025-05-13 10:00:00',IN_STOCK
698,698,SKU31069,500,0,20,WH1,SHELF698,'2025-05-13 10:00:00',LOW_STOCK
699,699,SKU40786,500,0,20,WH3,SHELF699,'2025-05-13 10:00:00',OUT_OF_STOCK
700,700,SKU88989,500,0,20,WH2,SHELF700,'2025-05-13 10:00:00',IN_STOCK
701,701,SKU90196,500,0,20,WH3,SHELF701,'2025-05-13 10:00:00',LOW_STOCK
702,702,SKU88032,500,0,20,WH2,SHELF702,'2025-05-13 10:00:00',OUT_OF_STOCK
703,703,SKU34936,500,0,20,WH1,SHELF703,'2025-05-13 10:00:00',IN_STOCK
704,704,SKU78342,500,0,20,WH3,SHELF704,'2025-05-13 10:00:00',LOW_STOCK
705,705,SKU98991,500,0,20,WH2,SHELF705,'2025-05-13 10:00:00',OUT_OF_STOCK
706,706,SKU90348,500,0,20,WH3,SHELF706,'2025-05-13 10:00:00',IN_STOCK
707,707,SKU28650,500,0,20,WH2,SHELF707,'2025-05-13 10:00:00',LOW_STOCK
708,708,SKU19628,500,0,20,WH1,SHELF708,'2025-05-13 10:00:00',OUT_OF_STOCK
709,709,SKU48544,500,0,20,WH3,SHELF709,'2025-05-13 10:00:00',IN_STOCK
710,710,SKU69126,500,0,20,WH2,SHELF710,'2025-05-13 10:00:00',LOW_STOCK
711,711,SKU28146,500,0,20,WH3,SHELF711,'2025-05-13 10:00:00',OUT_OF_STOCK
712,712,SKU84026,500,0,20,WH2,SHELF712,'2025-05-13 10:00:00',IN_STOCK
713,713,SKU69433,500,0,20,WH1,SHELF713,'2025-05-13 10:00:00',LOW_STOCK
714,714,SKU13210,500,0,20,WH3,SHELF714,'2025-05-13 10:00:00',OUT_OF_STOCK
715,715,SKU58175,500,0,20,WH2,SHELF715,'2025-05-13 10:00:00',IN_STOCK
716,716,SKU98017,500,0,20,WH3,SHELF716,'2025-05-13 10:00:00',LOW_STOCK
717,717,SKU43515,500,0,20,WH2,SHELF717,'2025-05-13 10:00:00',OUT_OF_STOCK
718,718,SKU36254,500,0,20,WH1,SHELF718,'2025-05-13 10:00:00',IN_STOCK
719,719,SKU30218,500,0,20,WH3,SHELF719,'2025-05-13 10:00:00',LOW_STOCK
720,720,SKU31263,500,0,20,WH2,SHELF720,'2025-05-13 10:00:00',OUT_OF_STOCK
721,721,SKU86080,500,0,20,WH3,SHELF721,'2025-05-13 10:00:00',IN_STOCK
722,722,SKU99527,500,0,20,WH2,SHELF722,'2025-05-13 10:00:00',LOW_STOCK
723,723,SKU20239,500,0,20,WH1,SHELF723,'2025-05-13 10:00:00',OUT_OF_STOCK
724,724,SKU99517,500,0,20,WH3,SHELF724,'2025-05-13 10:00:00',IN_STOCK
725,725,SKU69447,500,0,20,WH2,SHELF725,'2025-05-13 10:00:00',LOW_STOCK
726,726,SKU54654,500,0,20,WH3,SHELF726,'2025-05-13 10:00:00',OUT_OF_STOCK
727,727,SKU39856,500,0,20,WH2,SHELF727,'2025-05-13 10:00:00',IN_STOCK
728,728,SKU38045,500,0,20,WH1,SHELF728,'2025-05-13 10:00:00',LOW_STOCK
729,729,SKU64698,500,0,20,WH3,SHELF729,'2025-05-13 10:00:00',OUT_OF_STOCK
730,730,SKU69967,500,0,20,WH2,SHELF730,'2025-05-13 10:00:00',IN_STOCK
731,731,SKU77730,500,0,20,WH3,SHELF731,'2025-05-13 10:00:00',LOW_STOCK
732,732,SKU27539,500,0,20,WH2,SHELF732,'2025-05-13 10:00:00',OUT_OF_STOCK
733,733,SKU34552,500,0,20,WH1,SHELF733,'2025-05-13 10:00:00',IN_STOCK
734,734,SKU97351,500,0,20,WH3,SHELF734,'2025-05-13 10:00:00',LOW_STOCK
735,735,SKU45636,500,0,20,WH2,SHELF735,'2025-05-13 10:00:00',OUT_OF_STOCK
736,736,SKU87427,500,0,20,WH3,SHELF736,'2025-05-13 10:00:00',IN_STOCK
737,737,SKU43345,500,0,20,WH2,SHELF737,'2025-05-13 10:00:00',LOW_STOCK
738,738,SKU39786,500,0,20,WH1,SHELF738,'2025-05-13 10:00:00',OUT_OF_STOCK
739,739,SKU60265,500,0,20,WH3,SHELF739,'2025-05-13 10:00:00',IN_STOCK
740,740,SKU82005,500,0,20,WH2,SHELF740,'2025-05-13 10:00:00',LOW_STOCK
741,741,SKU20194,500,0,20,WH3,SHELF741,'2025-05-13 10:00:00',OUT_OF_STOCK
742,742,SKU99856,500,0,20,WH2,SHELF742,'2025-05-13 10:00:00',IN_STOCK
743,743,SKU65343,500,0,20,WH1,SHELF743,'2025-05-13 10:00:00',LOW_STOCK
744,744,SKU47014,500,0,20,WH3,SHELF744,'2025-05-13 10:00:00',OUT_OF_STOCK
745,745,SKU98372,500,0,20,WH2,SHELF745,'2025-05-13 10:00:00',IN_STOCK
746,746,SKU85609,500,0,20,WH3,SHELF746,'2025-05-13 10:00:00',LOW_STOCK
747,747,SKU94688,500,0,20,WH2,SHELF747,'2025-05-13 10:00:00',OUT_OF_STOCK
748,748,SKU35950,500,0,20,WH1,SHELF748,'2025-05-13 10:00:00',IN_STOCK
749,749,SKU48305,500,0,20,WH3,SHELF749,'2025-05-13 10:00:00',LOW_STOCK
750,750,SKU72385,500,0,20,WH2,SHELF750,'2025-05-13 10:00:00',OUT_OF_STOCK
751,751,SKU30738,500,0,20,WH3,SHELF751,'2025-05-13 10:00:00',IN_STOCK
752,752,SKU38063,500,0,20,WH2,SHELF752,'2025-05-13 10:00:00',LOW_STOCK
753,753,SKU17858,500,0,20,WH1,SHELF753,'2025-05-13 10:00:00',OUT_OF_STOCK
754,754,SKU58297,500,0,20,WH3,SHELF754,'2025-05-13 10:00:00',IN_STOCK
755,755,SKU32010,500,0,20,WH2,SHELF755,'2025-05-13 10:00:00',LOW_STOCK
756,756,SKU57701,500,0,20,WH3,SHELF756,'2025-05-13 10:00:00',OUT_OF_STOCK
757,757,SKU10750,500,0,20,WH2,SHELF757,'2025-05-13 10:00:00',IN_STOCK
758,758,SKU92215,500,0,20,WH1,SHELF758,'2025-05-13 10:00:00',LOW_STOCK
759,759,SKU87038,500,0,20,WH3,SHELF759,'2025-05-13 10:00:00',OUT_OF_STOCK
760,760,SKU54389,500,0,20,WH2,SHELF760,'2025-05-13 10:00:00',IN_STOCK
761,761,SKU88933,500,0,20,WH3,SHELF761,'2025-05-13 10:00:00',LOW_STOCK
762,762,SKU83406,500,0,20,WH2,SHELF762,'2025-05-13 10:00:00',OUT_OF_STOCK
763,763,SKU51201,500,0,20,WH1,SHELF763,'2025-05-13 10:00:00',IN_STOCK
764,764,SKU44690,500,0,20,WH3,SHELF764,'2025-05-13 10:00:00',LOW_STOCK
765,765,SKU65092,500,0,20,WH2,SHELF765,'2025-05-13 10:00:00',OUT_OF_STOCK
766,766,SKU90714,500,0,20,WH3,SHELF766,'2025-05-13 10:00:00',IN_STOCK
767,767,SKU13934,500,0,20,WH2,SHELF767,'2025-05-13 10:00:00',LOW_STOCK
768,768,SKU95214,500,0,20,WH1,SHELF768,'2025-05-13 10:00:00',OUT_OF_STOCK
769,769,SKU39517,500,0,20,WH3,SHELF769,'2025-05-13 10:00:00',IN_STOCK
770,770,SKU95958,500,0,20,WH2,SHELF770,'2025-05-13 10:00:00',LOW_STOCK
771,771,SKU99072,500,0,20,WH3,SHELF771,'2025-05-13 10:00:00',OUT_OF_STOCK
772,772,SKU52687,500,0,20,WH2,SHELF772,'2025-05-13 10:00:00',IN_STOCK
773,773,SKU87238,500,0,20,WH1,SHELF773,'2025-05-13 10:00:00',LOW_STOCK
774,774,SKU80582,500,0,20,WH3,SHELF774,'2025-05-13 10:00:00',OUT_OF_STOCK
775,775,SKU40539,500,0,20,WH2,SHELF775,'2025-05-13 10:00:00',IN_STOCK
776,776,SKU80931,500,0,20,WH3,SHELF776,'2025-05-13 10:00:00',LOW_STOCK
777,777,SKU83500,500,0,20,WH2,SHELF777,'2025-05-13 10:00:00',OUT_OF_STOCK
778,778,SKU94470,500,0,20,WH1,SHELF778,'2025-05-13 10:00:00',IN_STOCK
779,779,SKU27866,500,0,20,WH3,SHELF779,'2025-05-13 10:00:00',LOW_STOCK
780,780,SKU83191,500,0,20,WH2,SHELF780,'2025-05-13 10:00:00',OUT_OF_STOCK
781,781,SKU88730,500,0,20,WH3,SHELF781,'2025-05-13 10:00:00',IN_STOCK
782,782,SKU40307,500,0,20,WH2,SHELF782,'2025-05-13 10:00:00',LOW_STOCK
783,783,SKU45023,500,0,20,WH1,SHELF783,'2025-05-13 10:00:00',OUT_OF_STOCK
784,784,SKU59285,500,0,20,WH3,SHELF784,'2025-05-13 10:00:00',IN_STOCK
785,785,SKU22744,500,0,20,WH2,SHELF785,'2025-05-13 10:00:00',LOW_STOCK
786,786,SKU89499,500,0,20,WH3,SHELF786,'2025-05-13 10:00:00',OUT_OF_STOCK
787,787,SKU62864,500,0,20,WH2,SHELF787,'2025-05-13 10:00:00',IN_STOCK
788,788,SKU52782,500,0,20,WH1,SHELF788,'2025-05-13 10:00:00',LOW_STOCK
789,789,SKU85171,500,0,20,WH3,SHELF789,'2025-05-13 10:00:00',OUT_OF_STOCK
790,790,SKU38919,500,0,20,WH2,SHELF790,'2025-05-13 10:00:00',IN_STOCK
791,791,SKU45755,500,0,20,WH3,SHELF791,'2025-05-13 10:00:00',LOW_STOCK
792,792,SKU72458,500,0,20,WH2,SHELF792,'2025-05-13 10:00:00',OUT_OF_STOCK
793,793,SKU48564,500,0,20,WH1,SHELF793,'2025-05-13 10:00:00',IN_STOCK
794,794,SKU53035,500,0,20,WH3,SHELF794,'2025-05-13 10:00:00',LOW_STOCK
795,795,SKU29374,500,0,20,WH2,SHELF795,'2025-05-13 10:00:00',OUT_OF_STOCK
796,796,SKU65185,500,0,20,WH3,SHELF796,'2025-05-13 10:00:00',IN_STOCK
797,797,SKU38573,500,0,20,WH2,SHELF797,'2025-05-13 10:00:00',LOW_STOCK
798,798,SKU75170,500,0,20,WH1,SHELF798,'2025-05-13 10:00:00',OUT_OF_STOCK
799,799,SKU28179,500,0,20,WH3,SHELF799,'2025-05-13 10:00:00',IN_STOCK
800,800,SKU52450,500,0,20,WH2,SHELF800,'2025-05-13 10:00:00',LOW_STOCK
801,801,SKU63902,500,0,20,WH3,SHELF801,'2025-05-13 10:00:00',OUT_OF_STOCK
802,802,SKU29693,500,0,20,WH2,SHELF802,'2025-05-13 10:00:00',IN_STOCK
803,803,SKU57314,500,0,20,WH1,SHELF803,'2025-05-13 10:00:00',LOW_STOCK
804,804,SKU22811,500,0,20,WH3,SHELF804,'2025-05-13 10:00:00',OUT_OF_STOCK
805,805,SKU58954,500,0,20,WH2,SHELF805,'2025-05-13 10:00:00',IN_STOCK
806,806,SKU51823,500,0,20,WH3,SHELF806,'2025-05-13 10:00:00',LOW_STOCK
807,807,SKU43447,500,0,20,WH2,SHELF807,'2025-05-13 10:00:00',OUT_OF_STOCK
808,808,SKU46092,500,0,20,WH1,SHELF808,'2025-05-13 10:00:00',IN_STOCK
809,809,SKU13653,500,0,20,WH3,SHELF809,'2025-05-13 10:00:00',LOW_STOCK
810,810,SKU56018,500,0,20,WH2,SHELF810,'2025-05-13 10:00:00',OUT_OF_STOCK
811,811,SKU17510,500,0,20,WH3,SHELF811,'2025-05-13 10:00:00',IN_STOCK
812,812,SKU58825,500,0,20,WH2,SHELF812,'2025-05-13 10:00:00',LOW_STOCK
813,813,SKU18454,500,0,20,WH1,SHELF813,'2025-05-13 10:00:00',OUT_OF_STOCK
814,814,SKU74034,500,0,20,WH3,SHELF814,'2025-05-13 10:00:00',IN_STOCK
815,815,SKU33230,500,0,20,WH2,SHELF815,'2025-05-13 10:00:00',LOW_STOCK
816,816,SKU56149,500,0,20,WH3,SHELF816,'2025-05-13 10:00:00',OUT_OF_STOCK
817,817,SKU40188,500,0,20,WH2,SHELF817,'2025-05-13 10:00:00',IN_STOCK
818,818,SKU59576,500,0,20,WH1,SHELF818,'2025-05-13 10:00:00',LOW_STOCK
819,819,SKU74397,500,0,20,WH3,SHELF819,'2025-05-13 10:00:00',OUT_OF_STOCK
820,820,SKU90604,500,0,20,WH2,SHELF820,'2025-05-13 10:00:00',IN_STOCK
821,821,SKU64517,500,0,20,WH3,SHELF821,'2025-05-13 10:00:00',LOW_STOCK
822,822,SKU13805,500,0,20,WH2,SHELF822,'2025-05-13 10:00:00',OUT_OF_STOCK
823,823,SKU51018,500,0,20,WH1,SHELF823,'2025-05-13 10:00:00',IN_STOCK
824,824,SKU38497,500,0,20,WH3,SHELF824,'2025-05-13 10:00:00',LOW_STOCK
825,825,SKU30549,500,0,20,WH2,SHELF825,'2025-05-13 10:00:00',OUT_OF_STOCK
826,826,SKU92323,500,0,20,WH3,SHELF826,'2025-05-13 10:00:00',IN_STOCK
827,827,SKU93815,500,0,20,WH2,SHELF827,'2025-05-13 10:00:00',LOW_STOCK
828,828,SKU74664,500,0,20,WH1,SHELF828,'2025-05-13 10:00:00',OUT_OF_STOCK
829,829,SKU63441,500,0,20,WH3,SHELF829,'2025-05-13 10:00:00',IN_STOCK
830,830,SKU99786,500,0,20,WH2,SHELF830,'2025-05-13 10:00:00',LOW_STOCK
831,831,SKU93158,500,0,20,WH3,SHELF831,'2025-05-13 10:00:00',OUT_OF_STOCK
832,832,SKU69424,500,0,20,WH2,SHELF832,'2025-05-13 10:00:00',IN_STOCK
833,833,SKU99847,500,0,20,WH1,SHELF833,'2025-05-13 10:00:00',LOW_STOCK
834,834,SKU91936,500,0,20,WH3,SHELF834,'2025-05-13 10:00:00',OUT_OF_STOCK
835,835,SKU41427,500,0,20,WH2,SHELF835,'2025-05-13 10:00:00',IN_STOCK
836,836,SKU16830,500,0,20,WH3,SHELF836,'2025-05-13 10:00:00',LOW_STOCK
837,837,SKU63366,500,0,20,WH2,SHELF837,'2025-05-13 10:00:00',OUT_OF_STOCK
838,838,SKU71818,500,0,20,WH1,SHELF838,'2025-05-13 10:00:00',IN_STOCK
839,839,SKU39902,500,0,20,WH3,SHELF839,'2025-05-13 10:00:00',LOW_STOCK
840,840,SKU88173,500,0,20,WH2,SHELF840,'2025-05-13 10:00:00',OUT_OF_STOCK
841,841,SKU17116,500,0,20,WH3,SHELF841,'2025-05-13 10:00:00',IN_STOCK
842,842,SKU31988,500,0,20,WH2,SHELF842,'2025-05-13 10:00:00',LOW_STOCK
843,843,SKU17791,500,0,20,WH1,SHELF843,'2025-05-13 10:00:00',OUT_OF_STOCK
844,844,SKU64815,500,0,20,WH3,SHELF844,'2025-05-13 10:00:00',IN_STOCK
845,845,SKU45031,500,0,20,WH2,SHELF845,'2025-05-13 10:00:00',LOW_STOCK
846,846,SKU19848,500,0,20,WH3,SHELF846,'2025-05-13 10:00:00',OUT_OF_STOCK
847,847,SKU50553,500,0,20,WH2,SHELF847,'2025-05-13 10:00:00',IN_STOCK
848,848,SKU47213,500,0,20,WH1,SHELF848,'2025-05-13 10:00:00',LOW_STOCK
849,849,SKU74688,500,0,20,WH3,SHELF849,'2025-05-13 10:00:00',OUT_OF_STOCK
850,850,SKU18423,500,0,20,WH2,SHELF850,'2025-05-13 10:00:00',IN_STOCK
851,851,SKU43240,500,0,20,WH3,SHELF851,'2025-05-13 10:00:00',LOW_STOCK
852,852,SKU19580,500,0,20,WH2,SHELF852,'2025-05-13 10:00:00',OUT_OF_STOCK
853,853,SKU24129,500,0,20,WH1,SHELF853,'2025-05-13 10:00:00',IN_STOCK
854,854,SKU43255,500,0,20,WH3,SHELF854,'2025-05-13 10:00:00',LOW_STOCK
855,855,SKU68955,500,0,20,WH2,SHELF855,'2025-05-13 10:00:00',OUT_OF_STOCK
856,856,SKU26880,500,0,20,WH3,SHELF856,'2025-05-13 10:00:00',IN_STOCK
857,857,SKU16375,500,0,20,WH2,SHELF857,'2025-05-13 10:00:00',LOW_STOCK
858,858,SKU98273,500,0,20,WH1,SHELF858,'2025-05-13 10:00:00',OUT_OF_STOCK
859,859,SKU47424,500,0,20,WH3,SHELF859,'2025-05-13 10:00:00',IN_STOCK
860,860,SKU87831,500,0,20,WH2,SHELF860,'2025-05-13 10:00:00',LOW_STOCK
861,861,SKU41785,500,0,20,WH3,SHELF861,'2025-05-13 10:00:00',OUT_OF_STOCK
862,862,SKU18282,500,0,20,WH2,SHELF862,'2025-05-13 10:00:00',IN_STOCK
863,863,SKU57184,500,0,20,WH1,SHELF863,'2025-05-13 10:00:00',LOW_STOCK
864,864,SKU85899,500,0,20,WH3,SHELF864,'2025-05-13 10:00:00',OUT_OF_STOCK
865,865,SKU32907,500,0,20,WH2,SHELF865,'2025-05-13 10:00:00',IN_STOCK
866,866,SKU88053,500,0,20,WH3,SHELF866,'2025-05-13 10:00:00',LOW_STOCK
867,867,SKU62314,500,0,20,WH2,SHELF867,'2025-05-13 10:00:00',OUT_OF_STOCK
868,868,SKU16015,500,0,20,WH1,SHELF868,'2025-05-13 10:00:00',IN_STOCK
869,869,SKU88782,500,0,20,WH3,SHELF869,'2025-05-13 10:00:00',LOW_STOCK
870,870,SKU69682,500,0,20,WH2,SHELF870,'2025-05-13 10:00:00',OUT_OF_STOCK
871,871,SKU94110,500,0,20,WH3,SHELF871,'2025-05-13 10:00:00',IN_STOCK
872,872,SKU60617,500,0,20,WH2,SHELF872,'2025-05-13 10:00:00',LOW_STOCK
873,873,SKU73185,500,0,20,WH1,SHELF873,'2025-05-13 10:00:00',OUT_OF_STOCK
874,874,SKU28199,500,0,20,WH3,SHELF874,'2025-05-13 10:00:00',IN_STOCK
875,875,SKU71245,500,0,20,WH2,SHELF875,'2025-05-13 10:00:00',LOW_STOCK
876,876,SKU74270,500,0,20,WH3,SHELF876,'2025-05-13 10:00:00',OUT_OF_STOCK
877,877,SKU28713,500,0,20,WH2,SHELF877,'2025-05-13 10:00:00',IN_STOCK
878,878,SKU87962,500,0,20,WH1,SHELF878,'2025-05-13 10:00:00',LOW_STOCK
879,879,SKU84385,500,0,20,WH3,SHELF879,'2025-05-13 10:00:00',OUT_OF_STOCK
880,880,SKU66589,500,0,20,WH2,SHELF880,'2025-05-13 10:00:00',IN_STOCK
881,881,SKU38678,500,0,20,WH3,SHELF881,'2025-05-13 10:00:00',LOW_STOCK
882,882,SKU41510,500,0,20,WH2,SHELF882,'2025-05-13 10:00:00',OUT_OF_STOCK
883,883,SKU18368,500,0,20,WH1,SHELF883,'2025-05-13 10:00:00',IN_STOCK
884,884,SKU25701,500,0,20,WH3,SHELF884,'2025-05-13 10:00:00',LOW_STOCK
885,885,SKU17012,500,0,20,WH2,SHELF885,'2025-05-13 10:00:00',OUT_OF_STOCK
886,886,SKU88709,500,0,20,WH3,SHELF886,'2025-05-13 10:00:00',IN_STOCK
887,887,SKU67728,500,0,20,WH2,SHELF887,'2025-05-13 10:00:00',LOW_STOCK
888,888,SKU36324,500,0,20,WH1,SHELF888,'2025-05-13 10:00:00',OUT_OF_STOCK
889,889,SKU41285,500,0,20,WH3,SHELF889,'2025-05-13 10:00:00',IN_STOCK
890,890,SKU15965,500,0,20,WH2,SHELF890,'2025-05-13 10:00:00',LOW_STOCK
891,891,SKU89261,500,0,20,WH3,SHELF891,'2025-05-13 10:00:00',OUT_OF_STOCK
892,892,SKU38127,500,0,20,WH2,SHELF892,'2025-05-13 10:00:00',IN_STOCK
893,893,SKU34348,500,0,20,WH1,SHELF893,'2025-05-13 10:00:00',LOW_STOCK
894,894,SKU82310,500,0,20,WH3,SHELF894,'2025-05-13 10:00:00',OUT_OF_STOCK
895,895,SKU32906,500,0,20,WH2,SHELF895,'2025-05-13 10:00:00',IN_STOCK
896,896,SKU99905,500,0,20,WH3,SHELF896,'2025-05-13 10:00:00',LOW_STOCK
897,897,SKU82773,500,0,20,WH2,SHELF897,'2025-05-13 10:00:00',OUT_OF_STOCK
898,898,SKU31601,500,0,20,WH1,SHELF898,'2025-05-13 10:00:00',IN_STOCK
899,899,SKU26826,500,0,20,WH3,SHELF899,'2025-05-13 10:00:00',LOW_STOCK
900,900,SKU42543,500,0,20,WH2,SHELF900,'2025-05-13 10:00:00',OUT_OF_STOCK
901,901,SKU40082,500,0,20,WH3,SHELF901,'2025-05-13 10:00:00',IN_STOCK
902,902,SKU94796,500,0,20,WH2,SHELF902,'2025-05-13 10:00:00',LOW_STOCK
903,903,SKU49918,500,0,20,WH1,SHELF903,'2025-05-13 10:00:00',OUT_OF_STOCK
904,904,SKU45490,500,0,20,WH3,SHELF904,'2025-05-13 10:00:00',IN_STOCK
905,905,SKU30073,500,0,20,WH2,SHELF905,'2025-05-13 10:00:00',LOW_STOCK
906,906,SKU97080,500,0,20,WH3,SHELF906,'2025-05-13 10:00:00',OUT_OF_STOCK
907,907,SKU21520,500,0,20,WH2,SHELF907,'2025-05-13 10:00:00',IN_STOCK
908,908,SKU94956,500,0,20,WH1,SHELF908,'2025-05-13 10:00:00',LOW_STOCK
909,909,SKU14433,500,0,20,WH3,SHELF909,'2025-05-13 10:00:00',OUT_OF_STOCK
910,910,SKU84288,500,0,20,WH2,SHELF910,'2025-05-13 10:00:00',IN_STOCK
911,911,SKU95712,500,0,20,WH3,SHELF911,'2025-05-13 10:00:00',LOW_STOCK
912,912,SKU25066,500,0,20,WH2,SHELF912,'2025-05-13 10:00:00',OUT_OF_STOCK
913,913,SKU17488,500,0,20,WH1,SHELF913,'2025-05-13 10:00:00',IN_STOCK
914,914,SKU13510,500,0,20,WH3,SHELF914,'2025-05-13 10:00:00',LOW_STOCK
915,915,SKU62888,500,0,20,WH2,SHELF915,'2025-05-13 10:00:00',OUT_OF_STOCK
916,916,SKU20009,500,0,20,WH3,SHELF916,'2025-05-13 10:00:00',IN_STOCK
917,917,SKU83728,500,0,20,WH2,SHELF917,'2025-05-13 10:00:00',LOW_STOCK
918,918,SKU34412,500,0,20,WH1,SHELF918,'2025-05-13 10:00:00',OUT_OF_STOCK
919,919,SKU91188,500,0,20,WH3,SHELF919,'2025-05-13 10:00:00',IN_STOCK
920,920,SKU23513,500,0,20,WH2,SHELF920,'2025-05-13 10:00:00',LOW_STOCK
921,921,SKU13662,500,0,20,WH3,SHELF921,'2025-05-13 10:00:00',OUT_OF_STOCK
922,922,SKU50462,500,0,20,WH2,SHELF922,'2025-05-13 10:00:00',IN_STOCK
923,923,SKU32874,500,0,20,WH1,SHELF923,'2025-05-13 10:00:00',LOW_STOCK
924,924,SKU23744,500,0,20,WH3,SHELF924,'2025-05-13 10:00:00',OUT_OF_STOCK
925,925,SKU86782,500,0,20,WH2,SHELF925,'2025-05-13 10:00:00',IN_STOCK
926,926,SKU44361,500,0,20,WH3,SHELF926,'2025-05-13 10:00:00',LOW_STOCK
927,927,SKU60706,500,0,20,WH2,SHELF927,'2025-05-13 10:00:00',OUT_OF_STOCK
928,928,SKU72537,500,0,20,WH1,SHELF928,'2025-05-13 10:00:00',IN_STOCK
929,929,SKU26588,500,0,20,WH3,SHELF929,'2025-05-13 10:00:00',LOW_STOCK
930,930,SKU46075,500,0,20,WH2,SHELF930,'2025-05-13 10:00:00',OUT_OF_STOCK
931,931,SKU97368,500,0,20,WH3,SHELF931,'2025-05-13 10:00:00',IN_STOCK
932,932,SKU20625,500,0,20,WH2,SHELF932,'2025-05-13 10:00:00',LOW_STOCK
933,933,SKU26273,500,0,20,WH1,SHELF933,'2025-05-13 10:00:00',OUT_OF_STOCK
934,934,SKU27770,500,0,20,WH3,SHELF934,'2025-05-13 10:00:00',IN_STOCK
935,935,SKU64857,500,0,20,WH2,SHELF935,'2025-05-13 10:00:00',LOW_STOCK
936,936,SKU54974,500,0,20,WH3,SHELF936,'2025-05-13 10:00:00',OUT_OF_STOCK
937,937,SKU89267,500,0,20,WH2,SHELF937,'2025-05-13 10:00:00',IN_STOCK
938,938,SKU28625,500,0,20,WH1,SHELF938,'2025-05-13 10:00:00',LOW_STOCK
939,939,SKU28502,500,0,20,WH3,SHELF939,'2025-05-13 10:00:00',OUT_OF_STOCK
940,940,SKU57489,500,0,20,WH2,SHELF940,'2025-05-13 10:00:00',IN_STOCK
941,941,SKU31563,500,0,20,WH3,SHELF941,'2025-05-13 10:00:00',LOW_STOCK
942,942,SKU27763,500,0,20,WH2,SHELF942,'2025-05-13 10:00:00',OUT_OF_STOCK
943,943,SKU86945,500,0,20,WH1,SHELF943,'2025-05-13 10:00:00',IN_STOCK
944,944,SKU27326,500,0,20,WH3,SHELF944,'2025-05-13 10:00:00',LOW_STOCK
945,945,SKU21844,500,0,20,WH2,SHELF945,'2025-05-13 10:00:00',OUT_OF_STOCK
946,946,SKU12903,500,0,20,WH3,SHELF946,'2025-05-13 10:00:00',IN_STOCK
947,947,SKU31632,500,0,20,WH2,SHELF947,'2025-05-13 10:00:00',LOW_STOCK
948,948,SKU13695,500,0,20,WH1,SHELF948,'2025-05-13 10:00:00',OUT_OF_STOCK
949,949,SKU35958,500,0,20,WH3,SHELF949,'2025-05-13 10:00:00',IN_STOCK
950,950,SKU95453,500,0,20,WH2,SHELF950,'2025-05-13 10:00:00',LOW_STOCK
951,951,SKU69298,500,0,20,WH3,SHELF951,'2025-05-13 10:00:00',OUT_OF_STOCK
952,952,SKU62560,500,0,20,WH2,SHELF952,'2025-05-13 10:00:00',IN_STOCK
953,953,SKU32566,500,0,20,WH1,SHELF953,'2025-05-13 10:00:00',LOW_STOCK
954,954,SKU83930,500,0,20,WH3,SHELF954,'2025-05-13 10:00:00',OUT_OF_STOCK
955,955,SKU46744,500,0,20,WH2,SHELF955,'2025-05-13 10:00:00',IN_STOCK
956,956,SKU52244,500,0,20,WH3,SHELF956,'2025-05-13 10:00:00',LOW_STOCK
957,957,SKU20295,500,0,20,WH2,SHELF957,'2025-05-13 10:00:00',OUT_OF_STOCK
958,958,SKU64150,500,0,20,WH1,SHELF958,'2025-05-13 10:00:00',IN_STOCK
959,959,SKU76166,500,0,20,WH3,SHELF959,'2025-05-13 10:00:00',LOW_STOCK
960,960,SKU63454,500,0,20,WH2,SHELF960,'2025-05-13 10:00:00',OUT_OF_STOCK
961,961,SKU16626,500,0,20,WH3,SHELF961,'2025-05-13 10:00:00',IN_STOCK
962,962,SKU85971,500,0,20,WH2,SHELF962,'2025-05-13 10:00:00',LOW_STOCK
963,963,SKU82061,500,0,20,WH1,SHELF963,'2025-05-13 10:00:00',OUT_OF_STOCK
964,964,SKU34063,500,0,20,WH3,SHELF964,'2025-05-13 10:00:00',IN_STOCK
965,965,SKU56927,500,0,20,WH2,SHELF965,'2025-05-13 10:00:00',LOW_STOCK
966,966,SKU22205,500,0,20,WH3,SHELF966,'2025-05-13 10:00:00',OUT_OF_STOCK
967,967,SKU80530,500,0,20,WH2,SHELF967,'2025-05-13 10:00:00',IN_STOCK
968,968,SKU89223,500,0,20,WH1,SHELF968,'2025-05-13 10:00:00',LOW_STOCK
969,969,SKU89738,500,0,20,WH3,SHELF969,'2025-05-13 10:00:00',OUT_OF_STOCK
970,970,SKU51673,500,0,20,WH2,SHELF970,'2025-05-13 10:00:00',IN_STOCK
971,971,SKU29358,500,0,20,WH3,SHELF971,'2025-05-13 10:00:00',LOW_STOCK
972,972,SKU54377,500,0,20,WH2,SHELF972,'2025-05-13 10:00:00',OUT_OF_STOCK
973,973,SKU65508,500,0,20,WH1,SHELF973,'2025-05-13 10:00:00',IN_STOCK
974,974,SKU48684,500,0,20,WH3,SHELF974,'2025-05-13 10:00:00',LOW_STOCK
975,975,SKU26896,500,0,20,WH2,SHELF975,'2025-05-13 10:00:00',OUT_OF_STOCK
976,976,SKU25540,500,0,20,WH3,SHELF976,'2025-05-13 10:00:00',IN_STOCK
977,977,SKU13634,500,0,20,WH2,SHELF977,'2025-05-13 10:00:00',LOW_STOCK
978,978,SKU90146,500,0,20,WH1,SHELF978,'2025-05-13 10:00:00',OUT_OF_STOCK
979,979,SKU78927,500,0,20,WH3,SHELF979,'2025-05-13 10:00:00',IN_STOCK
980,980,SKU79162,500,0,20,WH2,SHELF980,'2025-05-13 10:00:00',LOW_STOCK
981,981,SKU24653,500,0,20,WH3,SHELF981,'2025-05-13 10:00:00',OUT_OF_STOCK
982,982,SKU84208,500,0,20,WH2,SHELF982,'2025-05-13 10:00:00',IN_STOCK
983,983,SKU86653,500,0,20,WH1,SHELF983,'2025-05-13 10:00:00',LOW_STOCK
984,984,SKU50947,500,0,20,WH3,SHELF984,'2025-05-13 10:00:00',OUT_OF_STOCK
985,985,SKU73391,500,0,20,WH2,SHELF985,'2025-05-13 10:00:00',IN_STOCK
986,986,SKU31121,500,0,20,WH3,SHELF986,'2025-05-13 10:00:00',LOW_STOCK
987,987,SKU15507,500,0,20,WH2,SHELF987,'2025-05-13 10:00:00',OUT_OF_STOCK
988,988,SKU52596,500,0,20,WH1,SHELF988,'2025-05-13 10:00:00',IN_STOCK
989,989,SKU33970,500,0,20,WH3,SHELF989,'2025-05-13 10:00:00',LOW_STOCK
990,990,SKU88163,500,0,20,WH2,SHELF990,'2025-05-13 10:00:00',OUT_OF_STOCK
991,991,SKU82786,500,0,20,WH3,SHELF991,'2025-05-13 10:00:00',IN_STOCK
992,992,SKU69917,500,0,20,WH2,SHELF992,'2025-05-13 10:00:00',LOW_STOCK
993,993,SKU78017,500,0,20,WH1,SHELF993,'2025-05-13 10:00:00',OUT_OF_STOCK
994,994,SKU44917,500,0,20,WH3,SHELF994,'2025-05-13 10:00:00',IN_STOCK
995,995,SKU91000,500,0,20,WH2,SHELF995,'2025-05-13 10:00:00',LOW_STOCK
996,996,SKU48497,500,0,20,WH3,SHELF996,'2025-05-13 10:00:00',OUT_OF_STOCK
997,997,SKU27904,500,0,20,WH2,SHELF997,'2025-05-13 10:00:00',IN_STOCK
998,998,SKU52345,500,0,20,WH1,SHELF998,'2025-05-13 10:00:00',LOW_STOCK
999,999,SKU41561,500,0,20,WH3,SHELF999,'2025-05-13 10:00:00',OUT_OF_STOCK
1000,1000,SKU56553,500,0,20,WH2,SHELF1000,'2025-05-13 10:00:00',IN_STOCK
1001,1001,SKU12702,500,0,20,WH3,SHELF1001,'2025-05-13 10:00:00',LOW_STOCK
1002,1002,SKU66911,500,0,20,WH2,SHELF1002,'2025-05-13 10:00:00',OUT_OF_STOCK
1003,1003,SKU69137,500,0,20,WH1,SHELF1003,'2025-05-13 10:00:00',IN_STOCK
1004,1004,SKU68727,500,0,20,WH3,SHELF1004,'2025-05-13 10:00:00',LOW_STOCK
1005,1005,SKU74825,500,0,20,WH2,SHELF1005,'2025-05-13 10:00:00',OUT_OF_STOCK
1006,1006,SKU89867,500,0,20,WH3,SHELF1006,'2025-05-13 10:00:00',IN_STOCK
1007,1007,SKU35317,500,0,20,WH2,SHELF1007,'2025-05-13 10:00:00',LOW_STOCK
1008,1008,SKU40605,500,0,20,WH1,SHELF1008,'2025-05-13 10:00:00',OUT_OF_STOCK
1009,1009,SKU31435,500,0,20,WH3,SHELF1009,'2025-05-13 10:00:00',IN_STOCK
1010,1010,SKU68859,500,0,20,WH2,SHELF1010,'2025-05-13 10:00:00',LOW_STOCK
1011,1011,SKU81933,500,0,20,WH3,SHELF1011,'2025-05-13 10:00:00',OUT_OF_STOCK
1012,1012,SKU12952,500,0,20,WH2,SHELF1012,'2025-05-13 10:00:00',IN_STOCK
1013,1013,SKU74551,500,0,20,WH1,SHELF1013,'2025-05-13 10:00:00',LOW_STOCK
1014,1014,SKU20936,500,0,20,WH3,SHELF1014,'2025-05-13 10:00:00',OUT_OF_STOCK
1015,1015,SKU63451,500,0,20,WH2,SHELF1015,'2025-05-13 10:00:00',IN_STOCK
1016,1016,SKU59478,500,0,20,WH3,SHELF1016,'2025-05-13 10:00:00',LOW_STOCK
1017,1017,SKU26661,500,0,20,WH2,SHELF1017,'2025-05-13 10:00:00',OUT_OF_STOCK
1018,1018,SKU81738,500,0,20,WH1,SHELF1018,'2025-05-13 10:00:00',IN_STOCK
1019,1019,SKU93761,500,0,20,WH3,SHELF1019,'2025-05-13 10:00:00',LOW_STOCK
1020,1020,SKU85659,500,0,20,WH2,SHELF1020,'2025-05-13 10:00:00',OUT_OF_STOCK
1021,1021,SKU63194,500,0,20,WH3,SHELF1021,'2025-05-13 10:00:00',IN_STOCK
1022,1022,SKU60690,500,0,20,WH2,SHELF1022,'2025-05-13 10:00:00',LOW_STOCK
1023,1023,SKU80173,500,0,20,WH1,SHELF1023,'2025-05-13 10:00:00',OUT_OF_STOCK
1024,1024,SKU80627,500,0,20,WH3,SHELF1024,'2025-05-13 10:00:00',IN_STOCK
1025,1025,SKU95525,500,0,20,WH2,SHELF1025,'2025-05-13 10:00:00',LOW_STOCK
1026,1026,SKU76019,500,0,20,WH3,SHELF1026,'2025-05-13 10:00:00',OUT_OF_STOCK
1027,1027,SKU19865,500,0,20,WH2,SHELF1027,'2025-05-13 10:00:00',IN_STOCK
1028,1028,SKU74394,500,0,20,WH1,SHELF1028,'2025-05-13 10:00:00',LOW_STOCK
1029,1029,SKU95564,500,0,20,WH3,SHELF1029,'2025-05-13 10:00:00',OUT_OF_STOCK
1030,1030,SKU12626,500,0,20,WH2,SHELF1030,'2025-05-13 10:00:00',IN_STOCK
1031,1031,SKU55667,500,0,20,WH3,SHELF1031,'2025-05-13 10:00:00',LOW_STOCK
1032,1032,SKU99115,500,0,20,WH2,SHELF1032,'2025-05-13 10:00:00',OUT_OF_STOCK
1033,1033,SKU36693,500,0,20,WH1,SHELF1033,'2025-05-13 10:00:00',IN_STOCK
1034,1034,SKU59881,500,0,20,WH3,SHELF1034,'2025-05-13 10:00:00',LOW_STOCK
1035,1035,SKU84188,500,0,20,WH2,SHELF1035,'2025-05-13 10:00:00',OUT_OF_STOCK
1036,1036,SKU98358,500,0,20,WH3,SHELF1036,'2025-05-13 10:00:00',IN_STOCK
1037,1037,SKU12506,500,0,20,WH2,SHELF1037,'2025-05-13 10:00:00',LOW_STOCK
1038,1038,SKU63310,500,0,20,WH1,SHELF1038,'2025-05-13 10:00:00',OUT_OF_STOCK
1039,1039,SKU70988,500,0,20,WH3,SHELF1039,'2025-05-13 10:00:00',IN_STOCK
1040,1040,SKU83954,500,0,20,WH2,SHELF1040,'2025-05-13 10:00:00',LOW_STOCK
1041,1041,SKU53430,500,0,20,WH3,SHELF1041,'2025-05-13 10:00:00',OUT_OF_STOCK
1042,1042,SKU71626,500,0,20,WH2,SHELF1042,'2025-05-13 10:00:00',IN_STOCK
1043,1043,SKU46587,500,0,20,WH1,SHELF1043,'2025-05-13 10:00:00',LOW_STOCK
1044,1044,SKU93463,500,0,20,WH3,SHELF1044,'2025-05-13 10:00:00',OUT_OF_STOCK
1045,1045,SKU91377,500,0,20,WH2,SHELF1045,'2025-05-13 10:00:00',IN_STOCK
1046,1046,SKU20868,500,0,20,WH3,SHELF1046,'2025-05-13 10:00:00',LOW_STOCK
1047,1047,SKU52734,500,0,20,WH2,SHELF1047,'2025-05-13 10:00:00',OUT_OF_STOCK
1048,1048,SKU14209,500,0,20,WH1,SHELF1048,'2025-05-13 10:00:00',IN_STOCK
1049,1049,SKU53634,500,0,20,WH3,SHELF1049,'2025-05-13 10:00:00',LOW_STOCK
1050,1050,SKU11211,500,0,20,WH2,SHELF1050,'2025-05-13 10:00:00',OUT_OF_STOCK
1051,1051,SKU40912,500,0,20,WH3,SHELF1051,'2025-05-13 10:00:00',IN_STOCK
1052,1052,SKU87485,500,0,20,WH2,SHELF1052,'2025-05-13 10:00:00',LOW_STOCK
1053,1053,SKU87001,500,0,20,WH1,SHELF1053,'2025-05-13 10:00:00',OUT_OF_STOCK
1054,1054,SKU60432,500,0,20,WH3,SHELF1054,'2025-05-13 10:00:00',IN_STOCK
1055,1055,SKU68188,500,0,20,WH2,SHELF1055,'2025-05-13 10:00:00',LOW_STOCK
1056,1056,SKU61216,500,0,20,WH3,SHELF1056,'2025-05-13 10:00:00',OUT_OF_STOCK
1057,1057,SKU69551,500,0,20,WH2,SHELF1057,'2025-05-13 10:00:00',IN_STOCK
1058,1058,SKU87876,500,0,20,WH1,SHELF1058,'2025-05-13 10:00:00',LOW_STOCK
1059,1059,SKU36040,500,0,20,WH3,SHELF1059,'2025-05-13 10:00:00',OUT_OF_STOCK
1060,1060,SKU37670,500,0,20,WH2,SHELF1060,'2025-05-13 10:00:00',IN_STOCK
1061,1061,SKU60179,500,0,20,WH3,SHELF1061,'2025-05-13 10:00:00',LOW_STOCK
1062,1062,SKU67448,500,0,20,WH2,SHELF1062,'2025-05-13 10:00:00',OUT_OF_STOCK
1063,1063,SKU19330,500,0,20,WH1,SHELF1063,'2025-05-13 10:00:00',IN_STOCK
1064,1064,SKU60978,500,0,20,WH3,SHELF1064,'2025-05-13 10:00:00',LOW_STOCK
1065,1065,SKU76128,500,0,20,WH2,SHELF1065,'2025-05-13 10:00:00',OUT_OF_STOCK
1066,1066,SKU33322,500,0,20,WH3,SHELF1066,'2025-05-13 10:00:00',IN_STOCK
1067,1067,SKU19525,500,0,20,WH2,SHELF1067,'2025-05-13 10:00:00',LOW_STOCK
1068,1068,SKU99875,500,0,20,WH1,SHELF1068,'2025-05-13 10:00:00',OUT_OF_STOCK
1069,1069,SKU65998,500,0,20,WH3,SHELF1069,'2025-05-13 10:00:00',IN_STOCK
1070,1070,SKU68354,500,0,20,WH2,SHELF1070,'2025-05-13 10:00:00',LOW_STOCK
1071,1071,SKU17132,500,0,20,WH3,SHELF1071,'2025-05-13 10:00:00',OUT_OF_STOCK
1072,1072,SKU95513,500,0,20,WH2,SHELF1072,'2025-05-13 10:00:00',IN_STOCK
1073,1073,SKU99144,500,0,20,WH1,SHELF1073,'2025-05-13 10:00:00',LOW_STOCK
1074,1074,SKU11956,500,0,20,WH3,SHELF1074,'2025-05-13 10:00:00',OUT_OF_STOCK
1075,1075,SKU68565,500,0,20,WH2,SHELF1075,'2025-05-13 10:00:00',IN_STOCK
1076,1076,SKU25602,500,0,20,WH3,SHELF1076,'2025-05-13 10:00:00',LOW_STOCK
1077,1077,SKU59482,500,0,20,WH2,SHELF1077,'2025-05-13 10:00:00',OUT_OF_STOCK
1078,1078,SKU46523,500,0,20,WH1,SHELF1078,'2025-05-13 10:00:00',IN_STOCK
1079,1079,SKU37497,500,0,20,WH3,SHELF1079,'2025-05-13 10:00:00',LOW_STOCK
1080,1080,SKU35585,500,0,20,WH2,SHELF1080,'2025-05-13 10:00:00',OUT_OF_STOCK
1081,1081,SKU22278,500,0,20,WH3,SHELF1081,'2025-05-13 10:00:00',IN_STOCK
1082,1082,SKU36996,500,0,20,WH2,SHELF1082,'2025-05-13 10:00:00',LOW_STOCK
1083,1083,SKU24285,500,0,20,WH1,SHELF1083,'2025-05-13 10:00:00',OUT_OF_STOCK
1084,1084,SKU45033,500,0,20,WH3,SHELF1084,'2025-05-13 10:00:00',IN_STOCK
1085,1085,SKU86346,500,0,20,WH2,SHELF1085,'2025-05-13 10:00:00',LOW_STOCK
1086,1086,SKU11930,500,0,20,WH3,SHELF1086,'2025-05-13 10:00:00',OUT_OF_STOCK
1087,1087,SKU77871,500,0,20,WH2,SHELF1087,'2025-05-13 10:00:00',IN_STOCK
1088,1088,SKU14903,500,0,20,WH1,SHELF1088,'2025-05-13 10:00:00',LOW_STOCK
1089,1089,SKU67883,500,0,20,WH3,SHELF1089,'2025-05-13 10:00:00',OUT_OF_STOCK
1090,1090,SKU19030,500,0,20,WH2,SHELF1090,'2025-05-13 10:00:00',IN_STOCK
1091,1091,SKU77223,500,0,20,WH3,SHELF1091,'2025-05-13 10:00:00',LOW_STOCK
1092,1092,SKU93222,500,0,20,WH2,SHELF1092,'2025-05-13 10:00:00',OUT_OF_STOCK
1093,1093,SKU30891,500,0,20,WH1,SHELF1093,'2025-05-13 10:00:00',IN_STOCK
1094,1094,SKU54855,500,0,20,WH3,SHELF1094,'2025-05-13 10:00:00',LOW_STOCK
1095,1095,SKU14307,500,0,20,WH2,SHELF1095,'2025-05-13 10:00:00',OUT_OF_STOCK
1096,1096,SKU25399,500,0,20,WH3,SHELF1096,'2025-05-13 10:00:00',IN_STOCK
1097,1097,SKU26708,500,0,20,WH2,SHELF1097,'2025-05-13 10:00:00',LOW_STOCK
1098,1098,SKU65451,500,0,20,WH1,SHELF1098,'2025-05-13 10:00:00',OUT_OF_STOCK
1099,1099,SKU27962,500,0,20,WH3,SHELF1099,'2025-05-13 10:00:00',IN_STOCK
1100,1100,SKU30938,500,0,20,WH2,SHELF1100,'2025-05-13 10:00:00',LOW_STOCK
1101,1101,SKU54642,500,0,20,WH3,SHELF1101,'2025-05-13 10:00:00',OUT_OF_STOCK
1102,1102,SKU98725,500,0,20,WH2,SHELF1102,'2025-05-13 10:00:00',IN_STOCK
1103,1103,SKU69061,500,0,20,WH1,SHELF1103,'2025-05-13 10:00:00',LOW_STOCK
1104,1104,SKU46521,500,0,20,WH3,SHELF1104,'2025-05-13 10:00:00',OUT_OF_STOCK
1105,1105,SKU26581,500,0,20,WH2,SHELF1105,'2025-05-13 10:00:00',IN_STOCK
1106,1106,SKU58823,500,0,20,WH3,SHELF1106,'2025-05-13 10:00:00',LOW_STOCK
1107,1107,SKU73968,500,0,20,WH2,SHELF1107,'2025-05-13 10:00:00',OUT_OF_STOCK
1108,1108,SKU32088,500,0,20,WH1,SHELF1108,'2025-05-13 10:00:00',IN_STOCK
1109,1109,SKU85516,500,0,20,WH3,SHELF1109,'2025-05-13 10:00:00',LOW_STOCK
1110,1110,SKU73469,500,0,20,WH2,SHELF1110,'2025-05-13 10:00:00',OUT_OF_STOCK
1111,1111,SKU69381,500,0,20,WH3,SHELF1111,'2025-05-13 10:00:00',IN_STOCK
1112,1112,SKU69709,500,0,20,WH2,SHELF1112,'2025-05-13 10:00:00',LOW_STOCK
1113,1113,SKU85405,500,0,20,WH1,SHELF1113,'2025-05-13 10:00:00',OUT_OF_STOCK
1114,1114,SKU94858,500,0,20,WH3,SHELF1114,'2025-05-13 10:00:00',IN_STOCK
1115,1115,SKU48070,500,0,20,WH2,SHELF1115,'2025-05-13 10:00:00',LOW_STOCK
1116,1116,SKU17031,500,0,20,WH3,SHELF1116,'2025-05-13 10:00:00',OUT_OF_STOCK
1117,1117,SKU39579,500,0,20,WH2,SHELF1117,'2025-05-13 10:00:00',IN_STOCK
1118,1118,SKU62140,500,0,20,WH1,SHELF1118,'2025-05-13 10:00:00',LOW_STOCK
1119,1119,SKU10183,500,0,20,WH3,SHELF1119,'2025-05-13 10:00:00',OUT_OF_STOCK
1120,1120,SKU60121,500,0,20,WH2,SHELF1120,'2025-05-13 10:00:00',IN_STOCK
1121,1121,SKU50951,500,0,20,WH3,SHELF1121,'2025-05-13 10:00:00',LOW_STOCK
1122,1122,SKU51114,500,0,20,WH2,SHELF1122,'2025-05-13 10:00:00',OUT_OF_STOCK
1123,1123,SKU92899,500,0,20,WH1,SHELF1123,'2025-05-13 10:00:00',IN_STOCK
1124,1124,SKU33546,500,0,20,WH3,SHELF1124,'2025-05-13 10:00:00',LOW_STOCK
1125,1125,SKU20947,500,0,20,WH2,SHELF1125,'2025-05-13 10:00:00',OUT_OF_STOCK
1126,1126,SKU55701,500,0,20,WH3,SHELF1126,'2025-05-13 10:00:00',IN_STOCK
1127,1127,SKU16474,500,0,20,WH2,SHELF1127,'2025-05-13 10:00:00',LOW_STOCK
1128,1128,SKU13533,500,0,20,WH1,SHELF1128,'2025-05-13 10:00:00',OUT_OF_STOCK
1129,1129,SKU16722,500,0,20,WH3,SHELF1129,'2025-05-13 10:00:00',IN_STOCK
1130,1130,SKU49886,500,0,20,WH2,SHELF1130,'2025-05-13 10:00:00',LOW_STOCK
1131,1131,SKU82705,500,0,20,WH3,SHELF1131,'2025-05-13 10:00:00',OUT_OF_STOCK
1132,1132,SKU88915,500,0,20,WH2,SHELF1132,'2025-05-13 10:00:00',IN_STOCK
1133,1133,SKU33633,500,0,20,WH1,SHELF1133,'2025-05-13 10:00:00',LOW_STOCK
1134,1134,SKU43230,500,0,20,WH3,SHELF1134,'2025-05-13 10:00:00',OUT_OF_STOCK
1135,1135,SKU46460,500,0,20,WH2,SHELF1135,'2025-05-13 10:00:00',IN_STOCK
1136,1136,SKU13187,500,0,20,WH3,SHELF1136,'2025-05-13 10:00:00',LOW_STOCK
1137,1137,SKU78526,500,0,20,WH2,SHELF1137,'2025-05-13 10:00:00',OUT_OF_STOCK
1138,1138,SKU88678,500,0,20,WH1,SHELF1138,'2025-05-13 10:00:00',IN_STOCK
1139,1139,SKU48971,500,0,20,WH3,SHELF1139,'2025-05-13 10:00:00',LOW_STOCK
1140,1140,SKU62108,500,0,20,WH2,SHELF1140,'2025-05-13 10:00:00',OUT_OF_STOCK
1141,1141,SKU72352,500,0,20,WH3,SHELF1141,'2025-05-13 10:00:00',IN_STOCK
1142,1142,SKU53928,500,0,20,WH2,SHELF1142,'2025-05-13 10:00:00',LOW_STOCK
1143,1143,SKU29617,500,0,20,WH1,SHELF1143,'2025-05-13 10:00:00',OUT_OF_STOCK
1144,1144,SKU83706,500,0,20,WH3,SHELF1144,'2025-05-13 10:00:00',IN_STOCK
1145,1145,SKU78808,500,0,20,WH2,SHELF1145,'2025-05-13 10:00:00',LOW_STOCK
1146,1146,SKU86227,500,0,20,WH3,SHELF1146,'2025-05-13 10:00:00',OUT_OF_STOCK
1147,1147,SKU33392,500,0,20,WH2,SHELF1147,'2025-05-13 10:00:00',IN_STOCK
1148,1148,SKU73062,500,0,20,WH1,SHELF1148,'2025-05-13 10:00:00',LOW_STOCK
1149,1149,SKU38967,500,0,20,WH3,SHELF1149,'2025-05-13 10:00:00',OUT_OF_STOCK
1150,1150,SKU85166,500,0,20,WH2,SHELF1150,'2025-05-13 10:00:00',IN_STOCK
1151,1151,SKU18852,500,0,20,WH3,SHELF1151,'2025-05-13 10:00:00',LOW_STOCK
1152,1152,SKU59817,500,0,20,WH2,SHELF1152,'2025-05-13 10:00:00',OUT_OF_STOCK
1153,1153,SKU39959,500,0,20,WH1,SHELF1153,'2025-05-13 10:00:00',IN_STOCK
1154,1154,SKU14904,500,0,20,WH3,SHELF1154,'2025-05-13 10:00:00',LOW_STOCK
1155,1155,SKU19816,500,0,20,WH2,SHELF1155,'2025-05-13 10:00:00',OUT_OF_STOCK
1156,1156,SKU41466,500,0,20,WH3,SHELF1156,'2025-05-13 10:00:00',IN_STOCK
1157,1157,SKU90721,500,0,20,WH2,SHELF1157,'2025-05-13 10:00:00',LOW_STOCK
1158,1158,SKU52208,500,0,20,WH1,SHELF1158,'2025-05-13 10:00:00',OUT_OF_STOCK
1159,1159,SKU17667,500,0,20,WH3,SHELF1159,'2025-05-13 10:00:00',IN_STOCK
1160,1160,SKU75246,500,0,20,WH2,SHELF1160,'2025-05-13 10:00:00',LOW_STOCK
1161,1161,SKU34986,500,0,20,WH3,SHELF1161,'2025-05-13 10:00:00',OUT_OF_STOCK
1162,1162,SKU33073,500,0,20,WH2,SHELF1162,'2025-05-13 10:00:00',IN_STOCK
1163,1163,SKU10751,500,0,20,WH1,SHELF1163,'2025-05-13 10:00:00',LOW_STOCK
1164,1164,SKU84617,500,0,20,WH3,SHELF1164,'2025-05-13 10:00:00',OUT_OF_STOCK
1165,1165,SKU68479,500,0,20,WH2,SHELF1165,'2025-05-13 10:00:00',IN_STOCK
1166,1166,SKU63177,500,0,20,WH3,SHELF1166,'2025-05-13 10:00:00',LOW_STOCK
1167,1167,SKU54634,500,0,20,WH2,SHELF1167,'2025-05-13 10:00:00',OUT_OF_STOCK
1168,1168,SKU94776,500,0,20,WH1,SHELF1168,'2025-05-13 10:00:00',IN_STOCK
1169,1169,SKU10895,500,0,20,WH3,SHELF1169,'2025-05-13 10:00:00',LOW_STOCK
1170,1170,SKU30604,500,0,20,WH2,SHELF1170,'2025-05-13 10:00:00',OUT_OF_STOCK
1171,1171,SKU15700,500,0,20,WH3,SHELF1171,'2025-05-13 10:00:00',IN_STOCK
1172,1172,SKU26965,500,0,20,WH2,SHELF1172,'2025-05-13 10:00:00',LOW_STOCK
1173,1173,SKU40956,500,0,20,WH1,SHELF1173,'2025-05-13 10:00:00',OUT_OF_STOCK
1174,1174,SKU42725,500,0,20,WH3,SHELF1174,'2025-05-13 10:00:00',IN_STOCK
1175,1175,SKU14682,500,0,20,WH2,SHELF1175,'2025-05-13 10:00:00',LOW_STOCK
1176,1176,SKU12710,500,0,20,WH3,SHELF1176,'2025-05-13 10:00:00',OUT_OF_STOCK
1177,1177,SKU90924,500,0,20,WH2,SHELF1177,'2025-05-13 10:00:00',IN_STOCK
1178,1178,SKU97771,500,0,20,WH1,SHELF1178,'2025-05-13 10:00:00',LOW_STOCK
1179,1179,SKU98669,500,0,20,WH3,SHELF1179,'2025-05-13 10:00:00',OUT_OF_STOCK
1180,1180,SKU10052,500,0,20,WH2,SHELF1180,'2025-05-13 10:00:00',IN_STOCK
1181,1181,SKU23166,500,0,20,WH3,SHELF1181,'2025-05-13 10:00:00',LOW_STOCK
1182,1182,SKU75227,500,0,20,WH2,SHELF1182,'2025-05-13 10:00:00',OUT_OF_STOCK
1183,1183,SKU74873,500,0,20,WH1,SHELF1183,'2025-05-13 10:00:00',IN_STOCK
1184,1184,SKU94392,500,0,20,WH3,SHELF1184,'2025-05-13 10:00:00',LOW_STOCK
1185,1185,SKU36222,500,0,20,WH2,SHELF1185,'2025-05-13 10:00:00',OUT_OF_STOCK
1186,1186,SKU34514,500,0,20,WH3,SHELF1186,'2025-05-13 10:00:00',IN_STOCK
1187,1187,SKU70202,500,0,20,WH2,SHELF1187,'2025-05-13 10:00:00',LOW_STOCK
1188,1188,SKU90759,500,0,20,WH1,SHELF1188,'2025-05-13 10:00:00',OUT_OF_STOCK
1189,1189,SKU69929,500,0,20,WH3,SHELF1189,'2025-05-13 10:00:00',IN_STOCK
1190,1190,SKU62355,500,0,20,WH2,SHELF1190,'2025-05-13 10:00:00',LOW_STOCK
1191,1191,SKU12774,500,0,20,WH3,SHELF1191,'2025-05-13 10:00:00',OUT_OF_STOCK
1192,1192,SKU61841,500,0,20,WH2,SHELF1192,'2025-05-13 10:00:00',IN_STOCK
1193,1193,SKU67992,500,0,20,WH1,SHELF1193,'2025-05-13 10:00:00',LOW_STOCK
1194,1194,SKU29868,500,0,20,WH3,SHELF1194,'2025-05-13 10:00:00',OUT_OF_STOCK
1195,1195,SKU77236,500,0,20,WH2,SHELF1195,'2025-05-13 10:00:00',IN_STOCK
1196,1196,SKU86215,500,0,20,WH3,SHELF1196,'2025-05-13 10:00:00',LOW_STOCK
1197,1197,SKU23508,500,0,20,WH2,SHELF1197,'2025-05-13 10:00:00',OUT_OF_STOCK
1198,1198,SKU61558,500,0,20,WH1,SHELF1198,'2025-05-13 10:00:00',IN_STOCK
1199,1199,SKU30401,500,0,20,WH3,SHELF1199,'2025-05-13 10:00:00',LOW_STOCK
1200,1200,SKU93683,500,0,20,WH2,SHELF1200,'2025-05-13 10:00:00',OUT_OF_STOCK
1201,1201,SKU10434,500,0,20,WH3,SHELF1201,'2025-05-13 10:00:00',IN_STOCK
1202,1202,SKU51505,500,0,20,WH2,SHELF1202,'2025-05-13 10:00:00',LOW_STOCK
1203,1203,SKU84211,500,0,20,WH1,SHELF1203,'2025-05-13 10:00:00',OUT_OF_STOCK
1204,1204,SKU90498,500,0,20,WH3,SHELF1204,'2025-05-13 10:00:00',IN_STOCK
1205,1205,SKU41927,500,0,20,WH2,SHELF1205,'2025-05-13 10:00:00',LOW_STOCK
1206,1206,SKU32163,500,0,20,WH3,SHELF1206,'2025-05-13 10:00:00',OUT_OF_STOCK
1207,1207,SKU79771,500,0,20,WH2,SHELF1207,'2025-05-13 10:00:00',IN_STOCK
1208,1208,SKU66577,500,0,20,WH1,SHELF1208,'2025-05-13 10:00:00',LOW_STOCK
1209,1209,SKU49969,500,0,20,WH3,SHELF1209,'2025-05-13 10:00:00',OUT_OF_STOCK
1210,1210,SKU22591,500,0,20,WH2,SHELF1210,'2025-05-13 10:00:00',IN_STOCK
1211,1211,SKU25470,500,0,20,WH3,SHELF1211,'2025-05-13 10:00:00',LOW_STOCK
1212,1212,SKU66796,500,0,20,WH2,SHELF1212,'2025-05-13 10:00:00',OUT_OF_STOCK
1213,1213,SKU33785,500,0,20,WH1,SHELF1213,'2025-05-13 10:00:00',IN_STOCK
1214,1214,SKU37760,500,0,20,WH3,SHELF1214,'2025-05-13 10:00:00',LOW_STOCK
1215,1215,SKU54066,500,0,20,WH2,SHELF1215,'2025-05-13 10:00:00',OUT_OF_STOCK
1216,1216,SKU47458,500,0,20,WH3,SHELF1216,'2025-05-13 10:00:00',IN_STOCK
1217,1217,SKU46300,500,0,20,WH2,SHELF1217,'2025-05-13 10:00:00',LOW_STOCK
1218,1218,SKU96363,500,0,20,WH1,SHELF1218,'2025-05-13 10:00:00',OUT_OF_STOCK
1219,1219,SKU71724,500,0,20,WH3,SHELF1219,'2025-05-13 10:00:00',IN_STOCK
1220,1220,SKU43312,500,0,20,WH2,SHELF1220,'2025-05-13 10:00:00',LOW_STOCK
1221,1221,SKU57688,500,0,20,WH3,SHELF1221,'2025-05-13 10:00:00',OUT_OF_STOCK
1222,1222,SKU28897,500,0,20,WH2,SHELF1222,'2025-05-13 10:00:00',IN_STOCK
1223,1223,SKU99784,500,0,20,WH1,SHELF1223,'2025-05-13 10:00:00',LOW_STOCK
1224,1224,SKU22112,500,0,20,WH3,SHELF1224,'2025-05-13 10:00:00',OUT_OF_STOCK
1225,1225,SKU19045,500,0,20,WH2,SHELF1225,'2025-05-13 10:00:00',IN_STOCK
1226,1226,SKU65105,500,0,20,WH3,SHELF1226,'2025-05-13 10:00:00',LOW_STOCK
1227,1227,SKU46863,500,0,20,WH2,SHELF1227,'2025-05-13 10:00:00',OUT_OF_STOCK
1228,1228,SKU66453,500,0,20,WH1,SHELF1228,'2025-05-13 10:00:00',IN_STOCK
1229,1229,SKU43572,500,0,20,WH3,SHELF1229,'2025-05-13 10:00:00',LOW_STOCK
1230,1230,SKU72184,500,0,20,WH2,SHELF1230,'2025-05-13 10:00:00',OUT_OF_STOCK
1231,1231,SKU67194,500,0,20,WH3,SHELF1231,'2025-05-13 10:00:00',IN_STOCK
1232,1232,SKU70336,500,0,20,WH2,SHELF1232,'2025-05-13 10:00:00',LOW_STOCK
1233,1233,SKU73387,500,0,20,WH1,SHELF1233,'2025-05-13 10:00:00',OUT_OF_STOCK
1234,1234,SKU58008,500,0,20,WH3,SHELF1234,'2025-05-13 10:00:00',IN_STOCK
1235,1235,SKU38483,500,0,20,WH2,SHELF1235,'2025-05-13 10:00:00',LOW_STOCK
1236,1236,SKU98137,500,0,20,WH3,SHELF1236,'2025-05-13 10:00:00',OUT_OF_STOCK
1237,1237,SKU43208,500,0,20,WH2,SHELF1237,'2025-05-13 10:00:00',IN_STOCK
1238,1238,SKU30415,500,0,20,WH1,SHELF1238,'2025-05-13 10:00:00',LOW_STOCK
1239,1239,SKU84373,500,0,20,WH3,SHELF1239,'2025-05-13 10:00:00',OUT_OF_STOCK
1240,1240,SKU83621,500,0,20,WH2,SHELF1240,'2025-05-13 10:00:00',IN_STOCK
1241,1241,SKU60900,500,0,20,WH3,SHELF1241,'2025-05-13 10:00:00',LOW_STOCK
1242,1242,SKU80673,500,0,20,WH2,SHELF1242,'2025-05-13 10:00:00',OUT_OF_STOCK
1243,1243,SKU11082,500,0,20,WH1,SHELF1243,'2025-05-13 10:00:00',IN_STOCK
1244,1244,SKU26941,500,0,20,WH3,SHELF1244,'2025-05-13 10:00:00',LOW_STOCK
1245,1245,SKU27906,500,0,20,WH2,SHELF1245,'2025-05-13 10:00:00',OUT_OF_STOCK
1246,1246,SKU41567,500,0,20,WH3,SHELF1246,'2025-05-13 10:00:00',IN_STOCK
1247,1247,SKU58367,500,0,20,WH2,SHELF1247,'2025-05-13 10:00:00',LOW_STOCK
1248,1248,SKU33833,500,0,20,WH1,SHELF1248,'2025-05-13 10:00:00',OUT_OF_STOCK
1249,1249,SKU71495,500,0,20,WH3,SHELF1249,'2025-05-13 10:00:00',IN_STOCK
1250,1250,SKU40146,500,0,20,WH2,SHELF1250,'2025-05-13 10:00:00',LOW_STOCK
1251,1251,SKU32399,500,0,20,WH3,SHELF1251,'2025-05-13 10:00:00',OUT_OF_STOCK
1252,1252,SKU90922,500,0,20,WH2,SHELF1252,'2025-05-13 10:00:00',IN_STOCK
1253,1253,SKU27389,500,0,20,WH1,SHELF1253,'2025-05-13 10:00:00',LOW_STOCK
1254,1254,SKU17044,500,0,20,WH3,SHELF1254,'2025-05-13 10:00:00',OUT_OF_STOCK
1255,1255,SKU22408,500,0,20,WH2,SHELF1255,'2025-05-13 10:00:00',IN_STOCK
1256,1256,SKU62088,500,0,20,WH3,SHELF1256,'2025-05-13 10:00:00',LOW_STOCK
1257,1257,SKU91251,500,0,20,WH2,SHELF1257,'2025-05-13 10:00:00',OUT_OF_STOCK
1258,1258,SKU56850,500,0,20,WH1,SHELF1258,'2025-05-13 10:00:00',IN_STOCK
1259,1259,SKU98656,500,0,20,WH3,SHELF1259,'2025-05-13 10:00:00',LOW_STOCK
1260,1260,SKU93426,500,0,20,WH2,SHELF1260,'2025-05-13 10:00:00',OUT_OF_STOCK
1261,1261,SKU92224,500,0,20,WH3,SHELF1261,'2025-05-13 10:00:00',IN_STOCK
1262,1262,SKU94004,500,0,20,WH2,SHELF1262,'2025-05-13 10:00:00',LOW_STOCK
1263,1263,SKU37095,500,0,20,WH1,SHELF1263,'2025-05-13 10:00:00',OUT_OF_STOCK
1264,1264,SKU36068,500,0,20,WH3,SHELF1264,'2025-05-13 10:00:00',IN_STOCK
1265,1265,SKU16655,500,0,20,WH2,SHELF1265,'2025-05-13 10:00:00',LOW_STOCK
1266,1266,SKU80625,500,0,20,WH3,SHELF1266,'2025-05-13 10:00:00',OUT_OF_STOCK
1267,1267,SKU19369,500,0,20,WH2,SHELF1267,'2025-05-13 10:00:00',IN_STOCK
1268,1268,SKU14536,500,0,20,WH1,SHELF1268,'2025-05-13 10:00:00',LOW_STOCK
1269,1269,SKU28491,500,0,20,WH3,SHELF1269,'2025-05-13 10:00:00',OUT_OF_STOCK
1270,1270,SKU93209,500,0,20,WH2,SHELF1270,'2025-05-13 10:00:00',IN_STOCK
1271,1271,SKU41647,500,0,20,WH3,SHELF1271,'2025-05-13 10:00:00',LOW_STOCK
1272,1272,SKU66482,500,0,20,WH2,SHELF1272,'2025-05-13 10:00:00',OUT_OF_STOCK
1273,1273,SKU34839,500,0,20,WH1,SHELF1273,'2025-05-13 10:00:00',IN_STOCK
1274,1274,SKU66509,500,0,20,WH3,SHELF1274,'2025-05-13 10:00:00',LOW_STOCK
1275,1275,SKU62267,500,0,20,WH2,SHELF1275,'2025-05-13 10:00:00',OUT_OF_STOCK
1276,1276,SKU82951,500,0,20,WH3,SHELF1276,'2025-05-13 10:00:00',IN_STOCK
1277,1277,SKU41321,500,0,20,WH2,SHELF1277,'2025-05-13 10:00:00',LOW_STOCK
1278,1278,SKU95646,500,0,20,WH1,SHELF1278,'2025-05-13 10:00:00',OUT_OF_STOCK
1279,1279,SKU83160,500,0,20,WH3,SHELF1279,'2025-05-13 10:00:00',IN_STOCK
1280,1280,SKU73165,500,0,20,WH2,SHELF1280,'2025-05-13 10:00:00',LOW_STOCK
1281,1281,SKU87676,500,0,20,WH3,SHELF1281,'2025-05-13 10:00:00',OUT_OF_STOCK
1282,1282,SKU17767,500,0,20,WH2,SHELF1282,'2025-05-13 10:00:00',IN_STOCK
1283,1283,SKU40331,500,0,20,WH1,SHELF1283,'2025-05-13 10:00:00',LOW_STOCK
1284,1284,SKU60712,500,0,20,WH3,SHELF1284,'2025-05-13 10:00:00',OUT_OF_STOCK
1285,1285,SKU26251,500,0,20,WH2,SHELF1285,'2025-05-13 10:00:00',IN_STOCK
1286,1286,SKU62814,500,0,20,WH3,SHELF1286,'2025-05-13 10:00:00',LOW_STOCK
1287,1287,SKU76729,500,0,20,WH2,SHELF1287,'2025-05-13 10:00:00',OUT_OF_STOCK
1288,1288,SKU76512,500,0,20,WH1,SHELF1288,'2025-05-13 10:00:00',IN_STOCK
1289,1289,SKU39156,500,0,20,WH3,SHELF1289,'2025-05-13 10:00:00',LOW_STOCK
1290,1290,SKU99092,500,0,20,WH2,SHELF1290,'2025-05-13 10:00:00',OUT_OF_STOCK
1291,1291,SKU72190,500,0,20,WH3,SHELF1291,'2025-05-13 10:00:00',IN_STOCK
1292,1292,SKU53036,500,0,20,WH2,SHELF1292,'2025-05-13 10:00:00',LOW_STOCK
1293,1293,SKU11642,500,0,20,WH1,SHELF1293,'2025-05-13 10:00:00',OUT_OF_STOCK
1294,1294,SKU36694,500,0,20,WH3,SHELF1294,'2025-05-13 10:00:00',IN_STOCK
1295,1295,SKU15466,500,0,20,WH2,SHELF1295,'2025-05-13 10:00:00',LOW_STOCK
1296,1296,SKU60019,500,0,20,WH3,SHELF1296,'2025-05-13 10:00:00',OUT_OF_STOCK
1297,1297,SKU10649,500,0,20,WH2,SHELF1297,'2025-05-13 10:00:00',IN_STOCK
1298,1298,SKU70684,500,0,20,WH1,SHELF1298,'2025-05-13 10:00:00',LOW_STOCK
1299,1299,SKU25330,500,0,20,WH3,SHELF1299,'2025-05-13 10:00:00',OUT_OF_STOCK
1300,1300,SKU92887,500,0,20,WH2,SHELF1300,'2025-05-13 10:00:00',IN_STOCK
1301,1301,SKU54296,500,0,20,WH3,SHELF1301,'2025-05-13 10:00:00',LOW_STOCK
1302,1302,SKU74362,500,0,20,WH2,SHELF1302,'2025-05-13 10:00:00',OUT_OF_STOCK
1303,1303,SKU32059,500,0,20,WH1,SHELF1303,'2025-05-13 10:00:00',IN_STOCK
1304,1304,SKU41295,500,0,20,WH3,SHELF1304,'2025-05-13 10:00:00',LOW_STOCK
1305,1305,SKU71436,500,0,20,WH2,SHELF1305,'2025-05-13 10:00:00',OUT_OF_STOCK
1306,1306,SKU82004,500,0,20,WH3,SHELF1306,'2025-05-13 10:00:00',IN_STOCK
1307,1307,SKU67559,500,0,20,WH2,SHELF1307,'2025-05-13 10:00:00',LOW_STOCK
1308,1308,SKU29479,500,0,20,WH1,SHELF1308,'2025-05-13 10:00:00',OUT_OF_STOCK
1309,1309,SKU44831,500,0,20,WH3,SHELF1309,'2025-05-13 10:00:00',IN_STOCK
1310,1310,SKU29625,500,0,20,WH2,SHELF1310,'2025-05-13 10:00:00',LOW_STOCK
1311,1311,SKU78718,500,0,20,WH3,SHELF1311,'2025-05-13 10:00:00',OUT_OF_STOCK
1312,1312,SKU55837,500,0,20,WH2,SHELF1312,'2025-05-13 10:00:00',IN_STOCK
1313,1313,SKU80406,500,0,20,WH1,SHELF1313,'2025-05-13 10:00:00',LOW_STOCK
1314,1314,SKU21409,500,0,20,WH3,SHELF1314,'2025-05-13 10:00:00',OUT_OF_STOCK
1315,1315,SKU85698,500,0,20,WH2,SHELF1315,'2025-05-13 10:00:00',IN_STOCK
1316,1316,SKU48908,500,0,20,WH3,SHELF1316,'2025-05-13 10:00:00',LOW_STOCK
1317,1317,SKU36685,500,0,20,WH2,SHELF1317,'2025-05-13 10:00:00',OUT_OF_STOCK
1318,1318,SKU12062,500,0,20,WH1,SHELF1318,'2025-05-13 10:00:00',IN_STOCK
1319,1319,SKU39979,500,0,20,WH3,SHELF1319,'2025-05-13 10:00:00',LOW_STOCK
1320,1320,SKU88973,500,0,20,WH2,SHELF1320,'2025-05-13 10:00:00',OUT_OF_STOCK
1321,1321,SKU95726,500,0,20,WH3,SHELF1321,'2025-05-13 10:00:00',IN_STOCK
1322,1322,SKU29417,500,0,20,WH2,SHELF1322,'2025-05-13 10:00:00',LOW_STOCK
1323,1323,SKU46528,500,0,20,WH1,SHELF1323,'2025-05-13 10:00:00',OUT_OF_STOCK
1324,1324,SKU88948,500,0,20,WH3,SHELF1324,'2025-05-13 10:00:00',IN_STOCK
1325,1325,SKU91224,500,0,20,WH2,SHELF1325,'2025-05-13 10:00:00',LOW_STOCK
1326,1326,SKU95627,500,0,20,WH3,SHELF1326,'2025-05-13 10:00:00',OUT_OF_STOCK
1327,1327,SKU77209,500,0,20,WH2,SHELF1327,'2025-05-13 10:00:00',IN_STOCK
1328,1328,SKU19457,500,0,20,WH1,SHELF1328,'2025-05-13 10:00:00',LOW_STOCK
1329,1329,SKU95063,500,0,20,WH3,SHELF1329,'2025-05-13 10:00:00',OUT_OF_STOCK
1330,1330,SKU47111,500,0,20,WH2,SHELF1330,'2025-05-13 10:00:00',IN_STOCK
1331,1331,SKU36964,500,0,20,WH3,SHELF1331,'2025-05-13 10:00:00',LOW_STOCK
1332,1332,SKU95076,500,0,20,WH2,SHELF1332,'2025-05-13 10:00:00',OUT_OF_STOCK
1333,1333,SKU23649,500,0,20,WH1,SHELF1333,'2025-05-13 10:00:00',IN_STOCK
1334,1334,SKU39908,500,0,20,WH3,SHELF1334,'2025-05-13 10:00:00',LOW_STOCK
1335,1335,SKU38209,500,0,20,WH2,SHELF1335,'2025-05-13 10:00:00',OUT_OF_STOCK
1336,1336,SKU13002,500,0,20,WH3,SHELF1336,'2025-05-13 10:00:00',IN_STOCK
1337,1337,SKU23568,500,0,20,WH2,SHELF1337,'2025-05-13 10:00:00',LOW_STOCK
1338,1338,SKU57447,500,0,20,WH1,SHELF1338,'2025-05-13 10:00:00',OUT_OF_STOCK
1339,1339,SKU51626,500,0,20,WH3,SHELF1339,'2025-05-13 10:00:00',IN_STOCK
1340,1340,SKU39055,500,0,20,WH2,SHELF1340,'2025-05-13 10:00:00',LOW_STOCK
1341,1341,SKU41984,500,0,20,WH3,SHELF1341,'2025-05-13 10:00:00',OUT_OF_STOCK
1342,1342,SKU65376,500,0,20,WH2,SHELF1342,'2025-05-13 10:00:00',IN_STOCK
1343,1343,SKU92712,500,0,20,WH1,SHELF1343,'2025-05-13 10:00:00',LOW_STOCK
1344,1344,SKU63725,500,0,20,WH3,SHELF1344,'2025-05-13 10:00:00',OUT_OF_STOCK
1345,1345,SKU64395,500,0,20,WH2,SHELF1345,'2025-05-13 10:00:00',IN_STOCK
1346,1346,SKU68542,500,0,20,WH3,SHELF1346,'2025-05-13 10:00:00',LOW_STOCK
1347,1347,SKU50612,500,0,20,WH2,SHELF1347,'2025-05-13 10:00:00',OUT_OF_STOCK
1348,1348,SKU63524,500,0,20,WH1,SHELF1348,'2025-05-13 10:00:00',IN_STOCK
1349,1349,SKU60841,500,0,20,WH3,SHELF1349,'2025-05-13 10:00:00',LOW_STOCK
1350,1350,SKU27374,500,0,20,WH2,SHELF1350,'2025-05-13 10:00:00',OUT_OF_STOCK
1351,1351,SKU77946,500,0,20,WH3,SHELF1351,'2025-05-13 10:00:00',IN_STOCK
1352,1352,SKU13480,500,0,20,WH2,SHELF1352,'2025-05-13 10:00:00',LOW_STOCK
1353,1353,SKU83482,500,0,20,WH1,SHELF1353,'2025-05-13 10:00:00',OUT_OF_STOCK
1354,1354,SKU39949,500,0,20,WH3,SHELF1354,'2025-05-13 10:00:00',IN_STOCK
1355,1355,SKU41750,500,0,20,WH2,SHELF1355,'2025-05-13 10:00:00',LOW_STOCK
1356,1356,SKU39550,500,0,20,WH3,SHELF1356,'2025-05-13 10:00:00',OUT_OF_STOCK
1357,1357,SKU44293,500,0,20,WH2,SHELF1357,'2025-05-13 10:00:00',IN_STOCK
1358,1358,SKU94202,500,0,20,WH1,SHELF1358,'2025-05-13 10:00:00',LOW_STOCK
1359,1359,SKU39666,500,0,20,WH3,SHELF1359,'2025-05-13 10:00:00',OUT_OF_STOCK
1360,1360,SKU45980,500,0,20,WH2,SHELF1360,'2025-05-13 10:00:00',IN_STOCK
1361,1361,SKU40206,500,0,20,WH3,SHELF1361,'2025-05-13 10:00:00',LOW_STOCK
1362,1362,SKU88193,500,0,20,WH2,SHELF1362,'2025-05-13 10:00:00',OUT_OF_STOCK
1363,1363,SKU56813,500,0,20,WH1,SHELF1363,'2025-05-13 10:00:00',IN_STOCK
1364,1364,SKU69645,500,0,20,WH3,SHELF1364,'2025-05-13 10:00:00',LOW_STOCK
1365,1365,SKU60095,500,0,20,WH2,SHELF1365,'2025-05-13 10:00:00',OUT_OF_STOCK
1366,1366,SKU53750,500,0,20,WH3,SHELF1366,'2025-05-13 10:00:00',IN_STOCK
1367,1367,SKU39371,500,0,20,WH2,SHELF1367,'2025-05-13 10:00:00',LOW_STOCK
1368,1368,SKU28391,500,0,20,WH1,SHELF1368,'2025-05-13 10:00:00',OUT_OF_STOCK
1369,1369,SKU18048,500,0,20,WH3,SHELF1369,'2025-05-13 10:00:00',IN_STOCK
1370,1370,SKU71399,500,0,20,WH2,SHELF1370,'2025-05-13 10:00:00',LOW_STOCK
1371,1371,SKU66537,500,0,20,WH3,SHELF1371,'2025-05-13 10:00:00',OUT_OF_STOCK
1372,1372,SKU17503,500,0,20,WH2,SHELF1372,'2025-05-13 10:00:00',IN_STOCK
1373,1373,SKU93146,500,0,20,WH1,SHELF1373,'2025-05-13 10:00:00',LOW_STOCK
1374,1374,SKU59020,500,0,20,WH3,SHELF1374,'2025-05-13 10:00:00',OUT_OF_STOCK
1375,1375,SKU90041,500,0,20,WH2,SHELF1375,'2025-05-13 10:00:00',IN_STOCK
1376,1376,SKU63504,500,0,20,WH3,SHELF1376,'2025-05-13 10:00:00',LOW_STOCK
1377,1377,SKU96115,500,0,20,WH2,SHELF1377,'2025-05-13 10:00:00',OUT_OF_STOCK
1378,1378,SKU25622,500,0,20,WH1,SHELF1378,'2025-05-13 10:00:00',IN_STOCK
1379,1379,SKU23101,500,0,20,WH3,SHELF1379,'2025-05-13 10:00:00',LOW_STOCK
1380,1380,SKU23199,500,0,20,WH2,SHELF1380,'2025-05-13 10:00:00',OUT_OF_STOCK
1381,1381,SKU63915,500,0,20,WH3,SHELF1381,'2025-05-13 10:00:00',IN_STOCK
1382,1382,SKU27639,500,0,20,WH2,SHELF1382,'2025-05-13 10:00:00',LOW_STOCK
1383,1383,SKU79198,500,0,20,WH1,SHELF1383,'2025-05-13 10:00:00',OUT_OF_STOCK
1384,1384,SKU62064,500,0,20,WH3,SHELF1384,'2025-05-13 10:00:00',IN_STOCK
1385,1385,SKU91690,500,0,20,WH2,SHELF1385,'2025-05-13 10:00:00',LOW_STOCK
1386,1386,SKU61335,500,0,20,WH3,SHELF1386,'2025-05-13 10:00:00',OUT_OF_STOCK
1387,1387,SKU28835,500,0,20,WH2,SHELF1387,'2025-05-13 10:00:00',IN_STOCK
1388,1388,SKU27734,500,0,20,WH1,SHELF1388,'2025-05-13 10:00:00',LOW_STOCK
1389,1389,SKU10309,500,0,20,WH3,SHELF1389,'2025-05-13 10:00:00',OUT_OF_STOCK
1390,1390,SKU70957,500,0,20,WH2,SHELF1390,'2025-05-13 10:00:00',IN_STOCK
1391,1391,SKU90605,500,0,20,WH3,SHELF1391,'2025-05-13 10:00:00',LOW_STOCK
1392,1392,SKU82507,500,0,20,WH2,SHELF1392,'2025-05-13 10:00:00',OUT_OF_STOCK
1393,1393,SKU22093,500,0,20,WH1,SHELF1393,'2025-05-13 10:00:00',IN_STOCK
1394,1394,SKU10178,500,0,20,WH3,SHELF1394,'2025-05-13 10:00:00',LOW_STOCK
1395,1395,SKU87567,500,0,20,WH2,SHELF1395,'2025-05-13 10:00:00',OUT_OF_STOCK
1396,1396,SKU25700,500,0,20,WH3,SHELF1396,'2025-05-13 10:00:00',IN_STOCK
1397,1397,SKU41601,500,0,20,WH2,SHELF1397,'2025-05-13 10:00:00',LOW_STOCK
1398,1398,SKU98253,500,0,20,WH1,SHELF1398,'2025-05-13 10:00:00',OUT_OF_STOCK
1399,1399,SKU20156,500,0,20,WH3,SHELF1399,'2025-05-13 10:00:00',IN_STOCK
1400,1400,SKU63747,500,0,20,WH2,SHELF1400,'2025-05-13 10:00:00',LOW_STOCK
1401,1401,SKU46183,500,0,20,WH3,SHELF1401,'2025-05-13 10:00:00',OUT_OF_STOCK
1402,1402,SKU18810,500,0,20,WH2,SHELF1402,'2025-05-13 10:00:00',IN_STOCK
1403,1403,SKU49934,500,0,20,WH1,SHELF1403,'2025-05-13 10:00:00',LOW_STOCK
1404,1404,SKU16671,500,0,20,WH3,SHELF1404,'2025-05-13 10:00:00',OUT_OF_STOCK
1405,1405,SKU70913,500,0,20,WH2,SHELF1405,'2025-05-13 10:00:00',IN_STOCK
1406,1406,SKU18138,500,0,20,WH3,SHELF1406,'2025-05-13 10:00:00',LOW_STOCK
1407,1407,SKU13924,500,0,20,WH2,SHELF1407,'2025-05-13 10:00:00',OUT_OF_STOCK
1408,1408,SKU64113,500,0,20,WH1,SHELF1408,'2025-05-13 10:00:00',IN_STOCK
1409,1409,SKU41181,500,0,20,WH3,SHELF1409,'2025-05-13 10:00:00',LOW_STOCK
1410,1410,SKU79936,500,0,20,WH2,SHELF1410,'2025-05-13 10:00:00',OUT_OF_STOCK
1411,1411,SKU73126,500,0,20,WH3,SHELF1411,'2025-05-13 10:00:00',IN_STOCK
1412,1412,SKU48916,500,0,20,WH2,SHELF1412,'2025-05-13 10:00:00',LOW_STOCK
1413,1413,SKU15735,500,0,20,WH1,SHELF1413,'2025-05-13 10:00:00',OUT_OF_STOCK
1414,1414,SKU14205,500,0,20,WH3,SHELF1414,'2025-05-13 10:00:00',IN_STOCK
1415,1415,SKU34891,500,0,20,WH2,SHELF1415,'2025-05-13 10:00:00',LOW_STOCK
1416,1416,SKU86148,500,0,20,WH3,SHELF1416,'2025-05-13 10:00:00',OUT_OF_STOCK
1417,1417,SKU85946,500,0,20,WH2,SHELF1417,'2025-05-13 10:00:00',IN_STOCK
1418,1418,SKU91002,500,0,20,WH1,SHELF1418,'2025-05-13 10:00:00',LOW_STOCK
1419,1419,SKU27291,500,0,20,WH3,SHELF1419,'2025-05-13 10:00:00',OUT_OF_STOCK
1420,1420,SKU79767,500,0,20,WH2,SHELF1420,'2025-05-13 10:00:00',IN_STOCK
1421,1421,SKU24490,500,0,20,WH3,SHELF1421,'2025-05-13 10:00:00',LOW_STOCK
1422,1422,SKU16492,500,0,20,WH2,SHELF1422,'2025-05-13 10:00:00',OUT_OF_STOCK
1423,1423,SKU29051,500,0,20,WH1,SHELF1423,'2025-05-13 10:00:00',IN_STOCK
1424,1424,SKU48631,500,0,20,WH3,SHELF1424,'2025-05-13 10:00:00',LOW_STOCK
1425,1425,SKU41057,500,0,20,WH2,SHELF1425,'2025-05-13 10:00:00',OUT_OF_STOCK
1426,1426,SKU72978,500,0,20,WH3,SHELF1426,'2025-05-13 10:00:00',IN_STOCK
1427,1427,SKU59265,500,0,20,WH2,SHELF1427,'2025-05-13 10:00:00',LOW_STOCK
1428,1428,SKU39403,500,0,20,WH1,SHELF1428,'2025-05-13 10:00:00',OUT_OF_STOCK
1429,1429,SKU28224,500,0,20,WH3,SHELF1429,'2025-05-13 10:00:00',IN_STOCK
1430,1430,SKU32190,500,0,20,WH2,SHELF1430,'2025-05-13 10:00:00',LOW_STOCK
1431,1431,SKU23360,500,0,20,WH3,SHELF1431,'2025-05-13 10:00:00',OUT_OF_STOCK
1432,1432,SKU69116,500,0,20,WH2,SHELF1432,'2025-05-13 10:00:00',IN_STOCK
1433,1433,SKU67188,500,0,20,WH1,SHELF1433,'2025-05-13 10:00:00',LOW_STOCK
1434,1434,SKU98898,500,0,20,WH3,SHELF1434,'2025-05-13 10:00:00',OUT_OF_STOCK
1435,1435,SKU65751,500,0,20,WH2,SHELF1435,'2025-05-13 10:00:00',IN_STOCK
1436,1436,SKU25530,500,0,20,WH3,SHELF1436,'2025-05-13 10:00:00',LOW_STOCK
1437,1437,SKU34243,500,0,20,WH2,SHELF1437,'2025-05-13 10:00:00',OUT_OF_STOCK
1438,1438,SKU70447,500,0,20,WH1,SHELF1438,'2025-05-13 10:00:00',IN_STOCK
1439,1439,SKU72503,500,0,20,WH3,SHELF1439,'2025-05-13 10:00:00',LOW_STOCK
1440,1440,SKU24843,500,0,20,WH2,SHELF1440,'2025-05-13 10:00:00',OUT_OF_STOCK
1441,1441,SKU70805,500,0,20,WH3,SHELF1441,'2025-05-13 10:00:00',IN_STOCK
1442,1442,SKU18979,500,0,20,WH2,SHELF1442,'2025-05-13 10:00:00',LOW_STOCK
1443,1443,SKU59638,500,0,20,WH1,SHELF1443,'2025-05-13 10:00:00',OUT_OF_STOCK
1444,1444,SKU82453,500,0,20,WH3,SHELF1444,'2025-05-13 10:00:00',IN_STOCK
1445,1445,SKU14168,500,0,20,WH2,SHELF1445,'2025-05-13 10:00:00',LOW_STOCK
1446,1446,SKU75969,500,0,20,WH3,SHELF1446,'2025-05-13 10:00:00',OUT_OF_STOCK
1447,1447,SKU79744,500,0,20,WH2,SHELF1447,'2025-05-13 10:00:00',IN_STOCK
1448,1448,SKU91402,500,0,20,WH1,SHELF1448,'2025-05-13 10:00:00',LOW_STOCK
1449,1449,SKU60431,500,0,20,WH3,SHELF1449,'2025-05-13 10:00:00',OUT_OF_STOCK
1450,1450,SKU63282,500,0,20,WH2,SHELF1450,'2025-05-13 10:00:00',IN_STOCK
1451,1451,SKU81659,500,0,20,WH3,SHELF1451,'2025-05-13 10:00:00',LOW_STOCK
1452,1452,SKU43800,500,0,20,WH2,SHELF1452,'2025-05-13 10:00:00',OUT_OF_STOCK
1453,1453,SKU10508,500,0,20,WH1,SHELF1453,'2025-05-13 10:00:00',IN_STOCK
1454,1454,SKU94009,500,0,20,WH3,SHELF1454,'2025-05-13 10:00:00',LOW_STOCK
1455,1455,SKU54986,500,0,20,WH2,SHELF1455,'2025-05-13 10:00:00',OUT_OF_STOCK
1456,1456,SKU77134,500,0,20,WH3,SHELF1456,'2025-05-13 10:00:00',IN_STOCK
1457,1457,SKU72783,500,0,20,WH2,SHELF1457,'2025-05-13 10:00:00',LOW_STOCK
1458,1458,SKU20100,500,0,20,WH1,SHELF1458,'2025-05-13 10:00:00',OUT_OF_STOCK
1459,1459,SKU89372,500,0,20,WH3,SHELF1459,'2025-05-13 10:00:00',IN_STOCK
1460,1460,SKU54651,500,0,20,WH2,SHELF1460,'2025-05-13 10:00:00',LOW_STOCK
1461,1461,SKU65836,500,0,20,WH3,SHELF1461,'2025-05-13 10:00:00',OUT_OF_STOCK
1462,1462,SKU57207,500,0,20,WH2,SHELF1462,'2025-05-13 10:00:00',IN_STOCK
1463,1463,SKU31569,500,0,20,WH1,SHELF1463,'2025-05-13 10:00:00',LOW_STOCK
1464,1464,SKU24198,500,0,20,WH3,SHELF1464,'2025-05-13 10:00:00',OUT_OF_STOCK
1465,1465,SKU32686,500,0,20,WH2,SHELF1465,'2025-05-13 10:00:00',IN_STOCK
1466,1466,SKU83797,500,0,20,WH3,SHELF1466,'2025-05-13 10:00:00',LOW_STOCK
1467,1467,SKU81387,500,0,20,WH2,SHELF1467,'2025-05-13 10:00:00',OUT_OF_STOCK
1468,1468,SKU14094,500,0,20,WH1,SHELF1468,'2025-05-13 10:00:00',IN_STOCK
1469,1469,SKU92874,500,0,20,WH3,SHELF1469,'2025-05-13 10:00:00',LOW_STOCK
1470,1470,SKU23097,500,0,20,WH2,SHELF1470,'2025-05-13 10:00:00',OUT_OF_STOCK
1471,1471,SKU14424,500,0,20,WH3,SHELF1471,'2025-05-13 10:00:00',IN_STOCK
1472,1472,SKU57231,500,0,20,WH2,SHELF1472,'2025-05-13 10:00:00',LOW_STOCK
1473,1473,SKU78858,500,0,20,WH1,SHELF1473,'2025-05-13 10:00:00',OUT_OF_STOCK
1474,1474,SKU88457,500,0,20,WH3,SHELF1474,'2025-05-13 10:00:00',IN_STOCK
1475,1475,SKU53985,500,0,20,WH2,SHELF1475,'2025-05-13 10:00:00',LOW_STOCK
1476,1476,SKU12276,500,0,20,WH3,SHELF1476,'2025-05-13 10:00:00',OUT_OF_STOCK
1477,1477,SKU35231,500,0,20,WH2,SHELF1477,'2025-05-13 10:00:00',IN_STOCK
1478,1478,SKU45681,500,0,20,WH1,SHELF1478,'2025-05-13 10:00:00',LOW_STOCK
1479,1479,SKU81174,500,0,20,WH3,SHELF1479,'2025-05-13 10:00:00',OUT_OF_STOCK
1480,1480,SKU48579,500,0,20,WH2,SHELF1480,'2025-05-13 10:00:00',IN_STOCK
1481,1481,SKU30259,500,0,20,WH3,SHELF1481,'2025-05-13 10:00:00',LOW_STOCK
1482,1482,SKU22598,500,0,20,WH2,SHELF1482,'2025-05-13 10:00:00',OUT_OF_STOCK
1483,1483,SKU53781,500,0,20,WH1,SHELF1483,'2025-05-13 10:00:00',IN_STOCK
1484,1484,SKU64269,500,0,20,WH3,SHELF1484,'2025-05-13 10:00:00',LOW_STOCK
1485,1485,SKU36392,500,0,20,WH2,SHELF1485,'2025-05-13 10:00:00',OUT_OF_STOCK
1486,1486,SKU33276,500,0,20,WH3,SHELF1486,'2025-05-13 10:00:00',IN_STOCK
1487,1487,SKU36134,500,0,20,WH2,SHELF1487,'2025-05-13 10:00:00',LOW_STOCK
1488,1488,SKU28307,500,0,20,WH1,SHELF1488,'2025-05-13 10:00:00',OUT_OF_STOCK
1489,1489,SKU26016,500,0,20,WH3,SHELF1489,'2025-05-13 10:00:00',IN_STOCK
1490,1490,SKU91840,500,0,20,WH2,SHELF1490,'2025-05-13 10:00:00',LOW_STOCK
1491,1491,SKU40076,500,0,20,WH3,SHELF1491,'2025-05-13 10:00:00',OUT_OF_STOCK
1492,1492,SKU46753,500,0,20,WH2,SHELF1492,'2025-05-13 10:00:00',IN_STOCK
1493,1493,SKU94896,500,0,20,WH1,SHELF1493,'2025-05-13 10:00:00',LOW_STOCK
1494,1494,SKU24143,500,0,20,WH3,SHELF1494,'2025-05-13 10:00:00',OUT_OF_STOCK
1495,1495,SKU90384,500,0,20,WH2,SHELF1495,'2025-05-13 10:00:00',IN_STOCK
1496,1496,SKU90462,500,0,20,WH3,SHELF1496,'2025-05-13 10:00:00',LOW_STOCK
1497,1497,SKU23990,500,0,20,WH2,SHELF1497,'2025-05-13 10:00:00',OUT_OF_STOCK
1498,1498,SKU73334,500,0,20,WH1,SHELF1498,'2025-05-13 10:00:00',IN_STOCK
1499,1499,SKU62435,500,0,20,WH3,SHELF1499,'2025-05-13 10:00:00',LOW_STOCK
1500,1500,SKU42614,500,0,20,WH2,SHELF1500,'2025-05-13 10:00:00',OUT_OF_STOCK
1501,1501,SKU84010,500,0,20,WH3,SHELF1501,'2025-05-13 10:00:00',IN_STOCK
